BIC,AccountNumber,CTRYbnk,Name,Address,IsShared,Holder
DKVXCRRJ,GB79EXSS80407746220299,CR,Koninklijke van der Spaendonck,,0,Koninklijke van der Spaendonck
DKVXCRRJ,GB79EXSS80407746220299,CR,Koninklijke van der,,0,Koninklijke van der Spaendonck
DKVXCRRJ,GB79EXSS80407746220299,CR,Koninklijke van der Spaendonck,,0,Koninklijke van der Spaendonck
DKVXCRRJ,GB79EXSS80407746220299,CR,Koninklijke/van der Spaendonck,,0,Koninklijke van der Spaendonck
ZKYPBQIO,FR1376479691092317408442957,BQ,van der Stael de Jonge & Genefaas,,1,van der Stael de Jonge & Genefaas
ZKYPBQIO,FR1376479691092317408442957,BQ,Stichting van der Horst,TienhovenNL,1,Stichting van der Horst
UTGVJODF,GB28HNSZ82754562765644,JO,Casarin SPA,,1,Casarin SPA
UTGVJODF,GB28HNSZ82754562765644,JO,Veneziano SPA,Strada ChigiAppartamento 61 Csal Di Principe Italia,1,Veneziano SPA
LIYLGIPL,ES0888115070287068395181,GI,Gautier S.A.S.,,1,Gautier S.A.S.
LIYLGIPL,ES0888115070287068395181,GI,Gautier S.A.S. Inds.,,1,Gautier S.A.S.
LIYLGIPL,ES0888115070287068395181,GI,Gautier -,,1,Gautier S.A.S.
LIYLGIPL,ES0888115070287068395181,GI,Bouvet Riou S.A.S.,,1,Bouvet Riou S.A.S.
LIYLGIPL,ES0888115070287068395181,GI,Bouvet Riou,,1,Bouvet Riou S.A.S.
LIYLGIPL,ES0888115070287068395181,GI,Bouvet  Riou,Michel FR,1,Bouvet Riou S.A.S.
LIYLGIPL,ES0888115070287068395181,GI,Bouvet Riou S.a.s.,,1,Bouvet Riou S.A.S.
LIYLGIPL,ES0888115070287068395181,GI,Bouvet  Riou S.a.s.,chemin Véronique Schmitt 75236 Michel,1,Bouvet Riou S.A.S.
LIYLGIPL,ES0888115070287068395181,GI,Bouvet Riou,-,1,Bouvet Riou S.A.S.
JVGKRUOI,DE49807385397780427914,RU,Comercial OJR S.A.,,0,Comercial OJR S.A.
JVGKRUOI,DE49807385397780427914,RU,Comercial OJR SAS,,0,Comercial OJR S.A.
JVGKRUOI,DE49807385397780427914,RU,Comercial  OJR,29261  Madrid,0,Comercial OJR S.A.
JVGKRUOI,DE49807385397780427914,RU,Comercial OJR SAS,29261  Callejón Conrado Zamorano 56 Puerta  Madrid,0,Comercial OJR S.A.
JVGKRUOI,DE49807385397780427914,RU,Comercial OJR S.a.s.,,0,Comercial OJR S.A.
JVGKRUOI,DE49807385397780427914,RU,Comercial OJR,Callejón Conrado Zamorano 56 Puerta  29261  Madrid Spain,0,Comercial OJR S.A.
JVGKRUOI,DE49807385397780427914,RU,Comercial.OJR,,0,Comercial OJR S.A.
JVGKRUOI,DE49807385397780427914,RU,Comercial.OJR S.C.,,0,Comercial OJR S.A.
JVGKRUOI,DE49807385397780427914,RU,Comercial OJR,,0,Comercial OJR S.A.
JVGKRUOI,DE49807385397780427914,RU,Comercial  OJR,,0,Comercial OJR S.A.
JVGKRUOI,DE49807385397780427914,RU,Comercial OJR,"Callejón Conado Zamorano 56 Puerta,29261 Madrid/Spain",0,Comercial OJR S.A.
LJUDGLFS,GB50DJSC42595753691570,GL,Thomas Inc,Meganstad US,1,Thomas Inc
LJUDGLFS,GB50DJSC42595753691570,GL,Smith and Sons,,1,Smith and Sons
LJUDGLFS,GB50DJSC42595753691570,GL,Smith,,1,Smith and Sons
LJUDGLFS,GB50DJSC42595753691570,GL,Smith Industries Sons,.  .,1,Smith and Sons
LJUDGLFS,GB50DJSC42595753691570,GL,"Huber, Mcconnell and Mitchell",,1,"Huber, Mcconnell and Mitchell"
LJUDGLFS,GB50DJSC42595753691570,GL,"Huber,-  Mcconnell",,1,"Huber, Mcconnell and Mitchell"
LJUDGLFS,GB50DJSC42595753691570,GL,"Huber, Mcconnell",Betty Row  496 57880 Welchfurt  United States,1,"Huber, Mcconnell and Mitchell"
LJUDGLFS,GB50DJSC42595753691570,GL,"Huber, Mcconnell",57880 Welchfurt,1,"Huber, Mcconnell and Mitchell"
LJUDGLFS,GB50DJSC42595753691570,GL,"Huber, Mcconnell","496,Betty Row/WelchfurtID  57880",1,"Huber, Mcconnell and Mitchell"
CPJXDOKS,ES7037609280311309918920,DO,Schlosser,,0,Schlosser
CPJXDOKS,ES7037609280311309918920,DO,Schlosser SAS,"Bischofswerda Marcel-Gröttner-Platz,Bischofswerda",0,Schlosser
CPJXDOKS,ES7037609280311309918920,DO,Schlosser,,0,Schlosser
BPPTKRRD,ES9870290630098139122073,KR,Correia,_ ___,0,Correia
BPPTKRRD,ES9870290630098139122073,KR,Correia,,0,Correia
BPPTKRRD,ES9870290630098139122073,KR,Correia,,0,Correia
BPPTKRRD,ES9870290630098139122073,KR,Correia,Residencial Ana Clara Rocha/RRGrotinha-(RR) BR,0,Correia
BPPTKRRD,ES9870290630098139122073,KR,Correia,,0,Correia
BPPTKRRD,ES9870290630098139122073,KR,Correia,07468-002 Sales do GalhoGrotinha,0,Correia
BPPTKRRD,ES9870290630098139122073,KR,Correia,Residencial Ana Clara Rocha/95-Grotinha  07468-002 Sales do Galho RR,0,Correia
BJTNBFGV,DE70339954832689372408,BF,Talleres Escolano S.A.,15597 Baleares,0,Talleres Escolano S.A.
BJTNBFGV,DE70339954832689372408,BF,Talleres Escolano SAS,"15597,Pasaje Reyes Beltrán 71 Apt.Baleares",0,Talleres Escolano S.A.
BJTNBFGV,DE70339954832689372408,BF,Talleres Escolano S.a.,Baleares Spain,0,Talleres Escolano S.A.
BJTNBFGV,DE70339954832689372408,BF,Talleres Escolano,,0,Talleres Escolano S.A.
BJTNBFGV,DE70339954832689372408,BF,Talleres Escolano S.p.A.,,0,Talleres Escolano S.A.
ATAYERUR,DE11338122282306243463,ER,Giammusso-Busoni s.r.l.,,1,Giammusso-Busoni s.r.l.
ATAYERUR,DE11338122282306243463,ER,Salvemini s.r.l.,Borgo PasqualAppartamento 0 Zelarino  (VE)IT,1,Salvemini s.r.l.
SUICAMHJ,DE63955931125228481680,AM,"Brancaccio, Praga e Ruggieri Group",,1,"Brancaccio, Praga e Ruggieri Group"
SUICAMHJ,DE63955931125228481680,AM,Chechi-Liverotti SPA,,1,Chechi-Liverotti SPA
SUICAMHJ,DE63955931125228481680,AM,"Bodoni, Aloisio e Tropea s.r.l.",,1,"Bodoni, Aloisio e Tropea s.r.l."
SUICAMHJ,DE63955931125228481680,AM,"Bodoni,,Aloisio e Tropea S r l",Strada Mario/Piano 9Bagnolo PiemnteCNItali,1,"Bodoni, Aloisio e Tropea s.r.l."
SUICAMHJ,DE63955931125228481680,AM,"Bodoni,.Aloisio e Tropea S.r.L",,1,"Bodoni, Aloisio e Tropea s.r.l."
SUICAMHJ,DE63955931125228481680,AM,"Bodoni, Aloisio  e Tropea SRL",,1,"Bodoni, Aloisio e Tropea s.r.l."
SUICAMHJ,DE63955931125228481680,AM,"Bodoni, Aloisio e Tropea",,1,"Bodoni, Aloisio e Tropea s.r.l."
SUICAMHJ,DE63955931125228481680,AM,"Bodoni, Aloisio e Tropea S.r.l.",_ ___,1,"Bodoni, Aloisio e Tropea s.r.l."
SUICAMHJ,DE63955931125228481680,AM,"Bodoni, Aloisio e",,1,"Bodoni, Aloisio e Tropea s.r.l."
SUICAMHJ,DE63955931125228481680,AM,"Bodoni, Aloisio e .Tropea S.R.L.",Bagnolo Piemonte IT,1,"Bodoni, Aloisio e Tropea s.r.l."
SXUVTTXU,IT35J2602687862976231207749,TT,Barros,Providencia BR,0,Barros
SXUVTTXU,IT35J2602687862976231207749,TT,Barros Solutions,,0,Barros
SXUVTTXU,IT35J2602687862976231207749,TT,Barros Solutions,Providencia,0,Barros
SXUVTTXU,IT35J2602687862976231207749,TT,Barros .Sols.,,0,Barros
SXUVTTXU,IT35J2602687862976231207749,TT,Barros Solutions,,0,Barros
SXUVTTXU,IT35J2602687862976231207749,TT,Barros Solutions,Providencia,0,Barros
SXUVTTXU,IT35J2602687862976231207749,TT,Barros Sols,,0,Barros
SXUVTTXU,IT35J2602687862976231207749,TT,Barros Solutions,,0,Barros
TEWLBBCY,GB09RYUL48229007756362,BB,Lombard,,0,Lombard
TEWLBBCY,GB09RYUL48229007756362,BB,Lombard,Barthelemy-sur-Lejeune FR,0,Lombard
GHWABBPA,DE06423163554892700712,BB,Cibin e figli,,0,Cibin e figli
GHWABBPA,DE06423163554892700712,BB,Cibin e figli,,0,Cibin e figli
GHWABBPA,DE06423163554892700712,BB,Cibin e figli,,0,Cibin e figli
GHWABBPA,DE06423163554892700712,BB,Cibin  e figli,,0,Cibin e figli
GHWABBPA,DE06423163554892700712,BB,Cibin e figli,,0,Cibin e figli
GHWABBPA,DE06423163554892700712,BB,Cibin e figli,,0,Cibin e figli
GHWABBPA,DE06423163554892700712,BB,Cibin e figli,,0,Cibin e figli
GHWABBPA,DE06423163554892700712,BB,Cibin e figli,,0,Cibin e figli
BQTPNRBS,GB75UXJC10020843922960,NR,Schüler e.G.,,0,Schüler e.G.
BQTPNRBS,GB75UXJC10020843922960,NR,Schüler e.G. S.c.a.r.l.,,0,Schüler e.G.
BQTPNRBS,GB75UXJC10020843922960,NR,Schüler e.G.,,0,Schüler e.G.
BQTPNRBS,GB75UXJC10020843922960,NR,Schüler e.G. S.c.a.r.l,Germany,0,Schüler e.G.
BQTPNRBS,GB75UXJC10020843922960,NR,Schüler e.G. S.c.a.r.l,,0,Schüler e.G.
BQTPNRBS,GB75UXJC10020843922960,NR,Schüler e.G.  S.c.a.r.l.,Siglinde-Eigenwillig-Gasse  Weimar Weimar Germany,0,Schüler e.G.
BQTPNRBS,GB75UXJC10020843922960,NR,Schüler e.G.,77809/Weimar,0,Schüler e.G.
BQTPNRBS,GB75UXJC10020843922960,NR,Schüler e.G..S.C.A.R.L.,Siglinde-Eigenwillig-GasseWeimar WeimaGermany,0,Schüler e.G.
BQTPNRBS,GB75UXJC10020843922960,NR,Schüler  e.G. S.c.a.r.l,,0,Schüler e.G.
BQTPNRBS,GB75UXJC10020843922960,NR,Schüler e.G.,,0,Schüler e.G.
RGAIYTE0,DE56056343773422557468,YT,Lane Group,,1,Lane Group
RGAIYTE0,DE56056343773422557468,YT,Li LLC,,1,Li LLC
RGAIYTE0,DE56056343773422557468,YT,Kirby PLC,,1,Kirby PLC
MBDNSMSK,FR3157834390123613080396992,SM,Dowerg Hofmann AG,,1,Dowerg Hofmann AG
MBDNSMSK,FR3157834390123613080396992,SM,Conradi,Jerzy-Renner-Ring  MagdeburgMadeburg  Germany,1,Conradi
GLGWTGK2,DE39716111979686769012,TG,"Hicks, Petersen and Palmer",,0,"Hicks, Petersen and Palmer"
GLGWTGK2,DE39716111979686769012,TG,"Hicks, Petersen",,0,"Hicks, Petersen and Palmer"
NOCYIDLK,DE59076039708165396369,ID,Melo,,0,Melo
NOCYIDLK,DE59076039708165396369,ID,Melo S r l,,0,Melo
OPHJOMFH,GB67ZECP56261648146632,OM,Rosenow Stiftung & Co. KGaA,Ina-Noack-Gasse  Pasewalk Pasewalk  DE,1,Rosenow Stiftung & Co. KGaA
OPHJOMFH,GB67ZECP56261648146632,OM,Baum OHG mbH,,1,Baum OHG mbH
OPHJOMFH,GB67ZECP56261648146632,OM,Baum OHG mbH,,1,Baum OHG mbH
OPHJOMFH,GB67ZECP56261648146632,OM,Misicher Hecker AG,,1,Misicher Hecker AG
OPHJOMFH,GB67ZECP56261648146632,OM,Misicher - Hecker AG,Erbisdorf Irmi-Weinhage-latz/Erbisdorf,1,Misicher Hecker AG
OPHJOMFH,GB67ZECP56261648146632,OM,Misicher Hecker AG,"Irmi-Weinhage-Platz Erbisdorf Erbisdorf,DE",1,Misicher Hecker AG
OPHJOMFH,GB67ZECP56261648146632,OM,Misicher Hecker AG,,1,Misicher Hecker AG
OPHJOMFH,GB67ZECP56261648146632,OM,Schmiedt,"Linkeplatz 57,94337 Bad Liebenwerda",1,Schmiedt
YSQLMHQN,NL63TSLW0145560389,MH,Hänel,,1,Hänel
YSQLMHQN,NL63TSLW0145560389,MH,Hänel S.D.F.,,1,Hänel
YSQLMHQN,NL63TSLW0145560389,MH,Rose,EggenfeldenLinkeweg  Eggenfelden,1,Rose
YSQLMHQN,NL63TSLW0145560389,MH,Rose Public Ltd.,,1,Rose
YSQLMHQN,NL63TSLW0145560389,MH,Rose PLC ,Eggenfelden Germany,1,Rose
YSQLMHQN,NL63TSLW0145560389,MH,Rosenow,,1,Rosenow
CZHTITLT,GB60SFAS52664322761499,IT,Le Roux,,0,Le Roux
CZHTITLT,GB60SFAS52664322761499,IT,Le Roux,avenue Thibaut Valentin 7 Barbedan BarbedanFrance,0,Le Roux
CZHTITLT,GB60SFAS52664322761499,IT,Le Roux,,0,Le Roux
CZHTITLT,GB60SFAS52664322761499,IT,Le Roux,,0,Le Roux
CZHTITLT,GB60SFAS52664322761499,IT,Le Roux,France,0,Le Roux
CZHTITLT,GB60SFAS52664322761499,IT,Le Roux,Barbedan France,0,Le Roux
CZHTITLT,GB60SFAS52664322761499,IT,Le Roux,avenue Thibaut Valentin/7 Barbedan Barbedan FR,0,Le Roux
CZHTITLT,GB60SFAS52664322761499,IT,Le Roux,,0,Le Roux
YOSPTKD1,NL11JBBR8344719451,TK,Booth-Singh,,1,Booth-Singh
YOSPTKD1,NL11JBBR8344719451,TK,Walsh Inc,Martynton,1,Walsh Inc
TDESNUVG,GB61HOWY40727267590479,NU,Loyens & Loeff,,1,Loyens & Loeff
TDESNUVG,GB61HOWY40727267590479,NU,Loyens. &,Staphorst NL,1,Loyens & Loeff
TDESNUVG,GB61HOWY40727267590479,NU,Loyens & Loeff,,1,Loyens & Loeff
TDESNUVG,GB61HOWY40727267590479,NU,Loyens & Loeff,,1,Loyens & Loeff
TDESNUVG,GB61HOWY40727267590479,NU,Acomo,Ouwerkerk NL,1,Acomo
TDESNUVG,GB61HOWY40727267590479,NU,Koret BV,IsabelbaanDe Goorn De Goorn-Netherlands,1,Koret BV
TDESNUVG,GB61HOWY40727267590479,NU,Qbuzz,NadineringKerkenveld Kerkenveld/Netherlands,1,Qbuzz
OQZNBQLA,NL88VUFI1144898442,BQ,"Davies, Morris and Hunt",,0,"Davies, Morris and Hunt"
OQZNBQLA,NL88VUFI1144898442,BQ,"Davies, Morris Inds. Hunt",,0,"Davies, Morris and Hunt"
OQZNBQLA,NL88VUFI1144898442,BQ,"Davies, Morris",,0,"Davies, Morris and Hunt"
OQZNBQLA,NL88VUFI1144898442,BQ,"Davies, Morris Inds. Hunt",,0,"Davies, Morris and Hunt"
OQZNBQLA,NL88VUFI1144898442,BQ,"Davies, Morris",,0,"Davies, Morris and Hunt"
OQZNBQLA,NL88VUFI1144898442,BQ,"Davies, Morris",Paigebury GB,0,"Davies, Morris and Hunt"
OQZNBQLA,NL88VUFI1144898442,BQ,"Davies, Morris Inds. Hunt",&  & &  &,0,"Davies, Morris and Hunt"
OQZNBQLA,NL88VUFI1144898442,BQ,"Davies, Morris",,0,"Davies, Morris and Hunt"
OQZNBQLA,NL88VUFI1144898442,BQ,"Davies, Morris Inds.",Patel lane Paigebury United Kingdom,0,"Davies, Morris and Hunt"
HCRYMESV,GB92KKZN55398434497151,ME,Souza Fernandes S.A.,40104068 Gomes do Galho Oeste,0,Souza Fernandes S.A.
HCRYMESV,GB92KKZN55398434497151,ME,Souza Fernandes,,0,Souza Fernandes S.A.
HCRYMESV,GB92KKZN55398434497151,ME,Souza Fernandes,Brazil,0,Souza Fernandes S.A.
HCRYMESV,GB92KKZN55398434497151,ME,Souza Fernandes,,0,Souza Fernandes S.A.
HCRYMESV,GB92KKZN55398434497151,ME,Souza Fernandes,Trecho SilveiraRN-Oeste/RN BR,0,Souza Fernandes S.A.
HCRYMESV,GB92KKZN55398434497151,ME,Souza Fernandes SpA,,0,Souza Fernandes S.A.
HCRYMESV,GB92KKZN55398434497151,ME,Souza Fernandes,,0,Souza Fernandes S.A.
HCRYMESV,GB92KKZN55398434497151,ME,Souza Fernandes S.U.,,0,Souza Fernandes S.A.
HCRYMESV,GB92KKZN55398434497151,ME,Souza Fernandes S.p.A.,Oeste BR,0,Souza Fernandes S.A.
HCRYMESV,GB92KKZN55398434497151,ME,Souza Fernandes SpA  ,RN Trecho Silveira  Oeste,0,Souza Fernandes S.A.
HCRYMESV,GB92KKZN55398434497151,ME,"Souza,Fernandes",,0,Souza Fernandes S.A.
BPYFZAAN,DE52144440590151460807,ZA,Volterra-Sokolov Group,Incrocio Comisso-Pino 5 Cornalba/BG Italia,1,Volterra-Sokolov Group
BPYFZAAN,DE52144440590151460807,ZA,Traversa s.r.l.,Dolianova IT,1,Traversa s.r.l.
BPYFZAAN,DE52144440590151460807,ZA,Traversa,Italia,1,Traversa s.r.l.
BPYFZAAN,DE52144440590151460807,ZA,Traversa,,1,Traversa s.r.l.
BPYFZAAN,DE52144440590151460807,ZA,Traversa s.r.l. SAPA,,1,Traversa s.r.l.
BPYFZAAN,DE52144440590151460807,ZA,Traversa  s.r.l..,.  .  .,1,Traversa s.r.l.
BPYFZAAN,DE52144440590151460807,ZA,Argan s.r.l.,,1,Argan s.r.l.
KGORCDMT,IT11K5321207894339402021636,CD,Spier & van der Zijl,"Sintjohannesga,Loesring,Sintjohannesga",1,Spier & van der Zijl
KGORCDMT,IT11K5321207894339402021636,CD,Spier & van  der Zijl,Sintjohannesga,1,Spier & van der Zijl
KGORCDMT,IT11K5321207894339402021636,CD,Spier & van der,Sintjohannesga NL,1,Spier & van der Zijl
KGORCDMT,IT11K5321207894339402021636,CD,Spier & van Zijl,Loesring5 5970ZY Sintjohannesga,1,Spier & van der Zijl
KGORCDMT,IT11K5321207894339402021636,CD,Molenaar NV,,1,Molenaar NV
KGORCDMT,IT11K5321207894339402021636,CD,van der Plas & Kisman,Olterterp Matthijsbolevard-Olterterp,1,van der Plas & Kisman
KGORCDMT,IT11K5321207894339402021636,CD,van der Plas &,Oltertrp Matthijsboulevard  Oltererp,1,van der Plas & Kisman
KGORCDMT,IT11K5321207894339402021636,CD,van der Plas Kisman,"Matthijsboulevard  Olterterp/Olterterp,NL",1,van der Plas & Kisman
KGORCDMT,IT11K5321207894339402021636,CD,van der.Plas & Kisman,,1,van der Plas & Kisman
OVIVTDHW,GB12LSVH43675053359870,TD,Bernard PLC,,0,Bernard PLC
OVIVTDHW,GB12LSVH43675053359870,TD,Bernard,Brandonland US,0,Bernard PLC
OVIVTDHW,GB12LSVH43675053359870,TD,Bernard,,0,Bernard PLC
OVIVTDHW,GB12LSVH43675053359870,TD,Bernard,,0,Bernard PLC
OVIVTDHW,GB12LSVH43675053359870,TD,Bernard- Pvt. Limited,,0,Bernard PLC
OVIVTDHW,GB12LSVH43675053359870,TD,Bernard PLCC,,0,Bernard PLC
OVIVTDHW,GB12LSVH43675053359870,TD,Bernard .,Brndonland,0,Bernard PLC
OVIVTDHW,GB12LSVH43675053359870,TD,Bernard.,,0,Bernard PLC
OVIVTDHW,GB12LSVH43675053359870,TD,Bernard,,0,Bernard PLC
LPTFKWHU,GB23GFSX60121414712636,KW,"Leblanc, Tacchini e Sinisi e figli","Incrocio Ivan Fucine Di Ossana (TN),Italia",1,"Leblanc, Tacchini e Sinisi e figli"
LPTFKWHU,GB23GFSX60121414712636,KW,"Leblanc, Tacchini e Sinisi e/figli",Fucine Di Ossana,1,"Leblanc, Tacchini e Sinisi e figli"
LPTFKWHU,GB23GFSX60121414712636,KW,Badoer Group,,1,Badoer Group
LPTFKWHU,GB23GFSX60121414712636,KW,Badoer  Gr.,Brescia IT,1,Badoer Group
TKTTBBYW,GB05EQKD02751662122666,BB,Rodrigues da Cruz e Filhos,,1,Rodrigues da Cruz e Filhos
TKTTBBYW,GB05EQKD02751662122666,BB,Rodrigues.S.a Cruz e,,1,Rodrigues da Cruz e Filhos
TKTTBBYW,GB05EQKD02751662122666,BB,Rodrigues S.A Cruz e Filhos,,1,Rodrigues da Cruz e Filhos
TKTTBBYW,GB05EQKD02751662122666,BB,Cardoso S.A.,,1,Cardoso S.A.
TKTTBBYW,GB05EQKD02751662122666,BB,Barbosa,,1,Barbosa
OZBBSJKL,NL61RSPZ8768604219,SJ,Alves Nunes - EI,,0,Alves Nunes - EI
OZBBSJKL,NL61RSPZ8768604219,SJ,Alves Nunes/  EI Ind.,,0,Alves Nunes - EI
OZBBSJKL,NL61RSPZ8768604219,SJ,Alves Nunes   EI Inds.,Brazil,0,Alves Nunes - EI
OZBBSJKL,NL61RSPZ8768604219,SJ,Alves Nunes   EI,Antonio Ribeiro De Abreu 1ª Seção Brazil,0,Alves Nunes - EI
OZBBSJKL,NL61RSPZ8768604219,SJ,Alves Nunes/  EI Inds.,SP Condomínio Mendes  Antonio Ribeiro De Abreu 1ª Seção,0,Alves Nunes - EI
OZBBSJKL,NL61RSPZ8768604219,SJ,Alves Nunes   EI,,0,Alves Nunes - EI
OZBBSJKL,NL61RSPZ8768604219,SJ,Alves Nunes  -  EI Inds.,Condomínio Mendes SP/Antonio Ribeiro De Areu 1ª Seção/(SP) Brazil,0,Alves Nunes - EI
ZMJIMTYL,IT19W9645368556367808960572,MT,Fernandes,,1,Fernandes
ZMJIMTYL,IT19W9645368556367808960572,MT,Mendes S/A,,1,Mendes S/A
ZMJIMTYL,IT19W9645368556367808960572,MT,Mendes,,1,Mendes S/A
ZMJIMTYL,IT19W9645368556367808960572,MT,Mendes .S.P.A.,68530901 Novaes da Prata  Pedreira Padro Lopes,1,Mendes S/A
ZMJIMTYL,IT19W9645368556367808960572,MT,Mendes S.a.,,1,Mendes S/A
ZMJIMTYL,IT19W9645368556367808960572,MT,Mendes SPA,"68530901 Novaes da Prata,Pedreira Padro Lopes",1,Mendes S/A
NZBDFOBR,GB09WPIE46923019306226,FO,Pearson-Diaz,East Benjamin United States,0,Pearson-Diaz
NZBDFOBR,GB09WPIE46923019306226,FO,Pearson Diaz,East Benjamin,0,Pearson-Diaz
PQHMPWGU,GB72YEHT13550606220449,PW,Dupuis,Garnier-la-Forêt Franc,1,Dupuis
PQHMPWGU,GB72YEHT13550606220449,PW,Dupuis Società per Azioni,,1,Dupuis
PQHMPWGU,GB72YEHT13550606220449,PW,Dupuis Società per Azioni,France,1,Dupuis
PQHMPWGU,GB72YEHT13550606220449,PW,Normand,France,1,Normand
PQHMPWGU,GB72YEHT13550606220449,PW,Garnier,/,1,Garnier
WILYCUUT,DE42852021380129386419,CU,Servicios Iberia S.L.,,1,Servicios Iberia S.L.
WILYCUUT,DE42852021380129386419,CU,Hermanos Heredia S.Com.,,1,Hermanos Heredia S.Com.
MNNVAGY0,IT26X9755150383821026029698,AG,Jacquet Da Silva S.A.R.L.,avenue de Chauvin Saint Lucie-sur-Mer  Saint Lucie-sur-Mer-FR,1,Jacquet Da Silva S.A.R.L.
MNNVAGY0,IT26X9755150383821026029698,AG,Carre,,1,Carre
TYPLFRPU,GB02GSXP92915043672925,FR,Fox-Foster,North Abdul GB,1,Fox-Foster
TYPLFRPU,GB02GSXP92915043672925,FR,"Woods, Turner and Young",W2 9JY-Ellieshire,1,"Woods, Turner and Young"
TYPLFRPU,GB02GSXP92915043672925,FR,Hill Group,*,1,Hill Group
TYPLFRPU,GB02GSXP92915043672925,FR,"Bennett, Evans and Begum",,1,"Bennett, Evans and Begum"
TYPLFRPU,GB02GSXP92915043672925,FR,"Bennett, Evans Inds",,1,"Bennett, Evans and Begum"
RGCBBSXK,NL46KBFO3719366147,BS,"Owens, Cruz and Ayala","32360 90099,Johnny Glens Suite 159 Jacksontown",0,"Owens, Cruz and Ayala"
RGCBBSXK,NL46KBFO3719366147,BS,"Owens, Cruz",,0,"Owens, Cruz and Ayala"
RGCBBSXK,NL46KBFO3719366147,BS,"Owens, Cruz Ind. Ayala",,0,"Owens, Cruz and Ayala"
RGCBBSXK,NL46KBFO3719366147,BS,"Owens, Cruz Inds. Ayala","Johnny Glens Suite 159/3236 90099  JacksontownWV,United States",0,"Owens, Cruz and Ayala"
RGCBBSXK,NL46KBFO3719366147,BS,"Owens, Cruz Ayala",,0,"Owens, Cruz and Ayala"
IJQFKPAW,FR5611903541667225140624561,KP,Smith-Griffiths,,1,Smith-Griffiths
IJQFKPAW,FR5611903541667225140624561,KP,"Lane, Hill and Blake",3 Parsons shore Lake StevenRG59 4RS,1,"Lane, Hill and Blake"
IJQFKPAW,FR5611903541667225140624561,KP,"Evans, Begum and Clark",E5J 2Y Port Christine,1,"Evans, Begum and Clark"
IJQFKPAW,FR5611903541667225140624561,KP,"Evans, Begum  Inds. Clark",,1,"Evans, Begum and Clark"
IJQFKPAW,FR5611903541667225140624561,KP,"Evans, Begum",,1,"Evans, Begum and Clark"
IJQFKPAW,FR5611903541667225140624561,KP,"Evans, Begum",,1,"Evans, Begum and Clark"
IJQFKPAW,FR5611903541667225140624561,KP,"Evans, Begum Inds Clark",19-Martin run Port Christine,1,"Evans, Begum and Clark"
IJQFKPAW,FR5611903541667225140624561,KP,"Evans, Begum-Ind. Clark","Martin run,19 Port hristine-GB",1,"Evans, Begum and Clark"
IJQFKPAW,FR5611903541667225140624561,KP,Thomas LLC,Brownberg,1,Thomas LLC
FCGKBGOX,IT39E6419213888331554476053,BG,Johnson-Wise,United States,1,Johnson-Wise
FCGKBGOX,IT39E6419213888331554476053,BG,Pace PLC,United States,1,Pace PLC
FCGKBGOX,IT39E6419213888331554476053,BG,Pace/P.L.C. S.a.s,86999  West Tomasside,1,Pace PLC
FCGKBGOX,IT39E6419213888331554476053,BG,Pace,,1,Pace PLC
FCGKBGOX,IT39E6419213888331554476053,BG,Allen and Sons,,1,Allen and Sons
IBUYPKTD,FR9750326913836226870201065,PK,Knappe AG & Co. OHG,,0,Knappe AG & Co. OHG
IBUYPKTD,FR9750326913836226870201065,PK,Knappe AG &,Juergen-Gierschner-Ring/Lübz-LübzGermany,0,Knappe AG & Co. OHG
IBUYPKTD,FR9750326913836226870201065,PK,Knappe AG  & Co.,,0,Knappe AG & Co. OHG
IBUYPKTD,FR9750326913836226870201065,PK,Knappe AG  &,,0,Knappe AG & Co. OHG
VGIMMQCZ,IT49P4683147464369329343223,MQ,"Warren, Pratt and Robinson",Nortonborough GB,0,"Warren, Pratt and Robinson"
VGIMMQCZ,IT49P4683147464369329343223,MQ,"Warren, Pratt Inds",,0,"Warren, Pratt and Robinson"
VGIMMQCZ,IT49P4683147464369329343223,MQ,"Warren, Pratt",Gavin route Nortonborough,0,"Warren, Pratt and Robinson"
VGIMMQCZ,IT49P4683147464369329343223,MQ,"Warren, Pratt Inds. Robinson",United Kingdom,0,"Warren, Pratt and Robinson"
VGIMMQCZ,IT49P4683147464369329343223,MQ,"Warren, Pratt Inds. Robinson",,0,"Warren, Pratt and Robinson"
VGIMMQCZ,IT49P4683147464369329343223,MQ,"Warren,. Pratt Industries",,0,"Warren, Pratt and Robinson"
VGIMMQCZ,IT49P4683147464369329343223,MQ,"Warren,/Pratt Inds Robinson",,0,"Warren, Pratt and Robinson"
VGIMMQCZ,IT49P4683147464369329343223,MQ,"Warren, Pratt Ind.",,0,"Warren, Pratt and Robinson"
HBXLIOOO,NL17QOCJ9739919129,IO,Tata Steel,,0,Tata Steel
HBXLIOOO,NL17QOCJ9739919129,IO,Tata Steel,,0,Tata Steel
HBXLIOOO,NL17QOCJ9739919129,IO,Tata Steel,,0,Tata Steel
HBXLIOOO,NL17QOCJ9739919129,IO,Tata Steel,,0,Tata Steel
HBXLIOOO,NL17QOCJ9739919129,IO,Tata Steel,,0,Tata Steel
HBXLIOOO,NL17QOCJ9739919129,IO,Tata Steel,Nijeholtwolde  Florianstraat Nijholtwolde,0,Tata Steel
HBXLIOOO,NL17QOCJ9739919129,IO,Tata Steel,8083DC  Nieholtwolde,0,Tata Steel
HBXLIOOO,NL17QOCJ9739919129,IO,Tata Steel,Netherlands,0,Tata Steel
KYWVRUPJ,GB91MZAR03977464505805,RU,"Giulietti, Montalti e Roccabonella s.r.l.",,1,"Giulietti, Montalti e Roccabonella s.r.l."
KYWVRUPJ,GB91MZAR03977464505805,RU,Pizziol-Respighi e figli,Italia,1,Pizziol-Respighi e figli
KYWVRUPJ,GB91MZAR03977464505805,RU,Pizziol Respighi e figli,,1,Pizziol-Respighi e figli
KYWVRUPJ,GB91MZAR03977464505805,RU,Pizziol  Respighi e figli,Castel Goffredo Italia,1,Pizziol-Respighi e figli
FUEUSJVU,DE10206314811566363516,SJ,Pizzetti-Odescalchi Group,,0,Pizzetti-Odescalchi Group
FUEUSJVU,DE10206314811566363516,SJ,Pizzetti  Odescalchi Group,,0,Pizzetti-Odescalchi Group
FUEUSJVU,DE10206314811566363516,SJ,Pizzetti Odescalchi Group,,0,Pizzetti-Odescalchi Group
FUEUSJVU,DE10206314811566363516,SJ,Pizzetti Odescalchi Group,,0,Pizzetti-Odescalchi Group
FUEUSJVU,DE10206314811566363516,SJ,Pizzetti Odescalchi Group,,0,Pizzetti-Odescalchi Group
FUEUSJVU,DE10206314811566363516,SJ,Pizzetti  Odescalchi Group,,0,Pizzetti-Odescalchi Group
ZTIHMWJW,FR9865353849317369795271014,MW,Pires,,0,Pires
ZTIHMWJW,FR9865353849317369795271014,MW,"Pires,",Conjunto Bonsucesso,0,Pires
ZTIHMWJW,FR9865353849317369795271014,MW,Pires  Co,Brail,0,Pires
ZTIHMWJW,FR9865353849317369795271014,MW,Pires,,0,Pires
ZTIHMWJW,FR9865353849317369795271014,MW,Pires-,,0,Pires
ZTIHMWJW,FR9865353849317369795271014,MW,Pires Company,,0,Pires
ZTIHMWJW,FR9865353849317369795271014,MW,Pires,,0,Pires
ZTIHMWJW,FR9865353849317369795271014,MW,Pires Comp.,06762-146 CamposConjunto Bonsucesso,0,Pires
ZTIHMWJW,FR9865353849317369795271014,MW,Pires Co,,0,Pires
TETUJOI0,IT58C8140758292438118053537,JO,Clerc SA,rue Franck Fabre-25 Colin-sur-Schneider  Colin-sur-Schneider FR,0,Clerc SA
TETUJOI0,IT58C8140758292438118053537,JO,Clerc,,0,Clerc SA
EDISPRWU,GB81GIAD75559369284496,PR,Zeldenrust & Adelaar,,0,Zeldenrust & Adelaar
EDISPRWU,GB81GIAD75559369284496,PR,Zeldenrust & Adelaar,Netherlands,0,Zeldenrust & Adelaar
EDISPRWU,GB81GIAD75559369284496,PR,Zeldenrust & Adelaar,,0,Zeldenrust & Adelaar
EDISPRWU,GB81GIAD75559369284496,PR,Zeldenrust  & Adelaar,3832 IT Gasteren,0,Zeldenrust & Adelaar
GBNLBVUI,DE63801067227331092844,BV,Suministros Vallejo S.Coop.,,1,Suministros Vallejo S.Coop.
GBNLBVUI,DE63801067227331092844,BV,Banco Agustín y asociados S.Coop.,Albacete ES,1,Banco Agustín y asociados S.Coop.
BZBPWFYF,DE35082568310383934313,WF,Baldwin-Miller,,0,Baldwin-Miller
BZBPWFYF,DE35082568310383934313,WF,Baldwin.Miller Co.,,0,Baldwin-Miller
BZBPWFYF,DE35082568310383934313,WF,Baldwin  Miller,,0,Baldwin-Miller
BZBPWFYF,DE35082568310383934313,WF,Baldwin Miller- Co.,,0,Baldwin-Miller
BZBPWFYF,DE35082568310383934313,WF,Baldwin Miller,_,0,Baldwin-Miller
BZBPWFYF,DE35082568310383934313,WF,Baldwin Miller,Fionatown GB,0,Baldwin-Miller
BZBPWFYF,DE35082568310383934313,WF,"Baldwin Miller,Co.",10  Walker island/Fionatown  HA2 0BS,0,Baldwin-Miller
BZBPWFYF,DE35082568310383934313,WF,Baldwin Miller Company,Walker island-10 Fionatown United Kingdom,0,Baldwin-Miller
BZBPWFYF,DE35082568310383934313,WF,Baldwin  - Miller,,0,Baldwin-Miller
WGJWFKDQ,NL54LMMS6273611977,FK,Anichini-Bignami SPA,,1,Anichini-Bignami SPA
WGJWFKDQ,NL54LMMS6273611977,FK,Torricelli-Desio s.r.l.,,1,Torricelli-Desio s.r.l.
TCHPDZHW,GB34PVJF48598215477845,DZ,Walsteijn & Hofman,,1,Walsteijn & Hofman
TCHPDZHW,GB34PVJF48598215477845,DZ,Peterse NV,,1,Peterse NV
TCHPDZHW,GB34PVJF48598215477845,DZ,Peterse NV,9081QA De Kiel,1,Peterse NV
TCHPDZHW,GB34PVJF48598215477845,DZ,Peterse NV,,1,Peterse NV
XJNRLSRN,ES9832817884618710163419,LS,Gonzalez,,0,Gonzalez
XJNRLSRN,ES9832817884618710163419,LS,Gonzalez  Technologies,,0,Gonzalez
XJNRLSRN,ES9832817884618710163419,LS,Gonzalez Technologies,,0,Gonzalez
XJNRLSRN,ES9832817884618710163419,LS,Gonzalez Technologies,,0,Gonzalez
XJNRLSRN,ES9832817884618710163419,LS,Gonzalez Tech.,,0,Gonzalez
XJNRLSRN,ES9832817884618710163419,LS,Gonzalez Techs,,0,Gonzalez
XJNRLSRN,ES9832817884618710163419,LS,Gonzalez Tech,,0,Gonzalez
XJNRLSRN,ES9832817884618710163419,LS,Gonzalez Techs.,boulevard Mary491 Bourdon  Bourdon  FR,0,Gonzalez
XJNRLSRN,ES9832817884618710163419,LS,Gonzalez-Technologies,,0,Gonzalez
KMIUPLUF,NL93QHUW2973032277,PL,Moraes,,1,Moraes
KMIUPLUF,NL93QHUW2973032277,PL,da Costa,,1,da Costa
VMCLUMNJ,GB07WLJM46841568736126,UM,van der Leek & Luster,Keijenborg,1,van der Leek & Luster
VMCLUMNJ,GB07WLJM46841568736126,UM,van der Leek/& Luster,"Roaliering5,9977RT  Keijenborg",1,van der Leek & Luster
VMCLUMNJ,GB07WLJM46841568736126,UM,van der Leek Luster,,1,van der Leek & Luster
VMCLUMNJ,GB07WLJM46841568736126,UM,van .der & Luster,,1,van der Leek & Luster
VMCLUMNJ,GB07WLJM46841568736126,UM,Pink Elephant,,1,Pink Elephant
VMCLUMNJ,GB07WLJM46841568736126,UM,Pink Elephant/S.a. ,,1,Pink Elephant
VMCLUMNJ,GB07WLJM46841568736126,UM,Pink Elephant S.P.A. ,,1,Pink Elephant
VMCLUMNJ,GB07WLJM46841568736126,UM,Kuehne + Nagel Logistics,,1,Kuehne + Nagel Logistics
MGJSHRW2,GB31KRPU90985980491592,HR,Starbucks,Simonshaven Netherlands,0,Starbucks
MGJSHRW2,GB31KRPU90985980491592,HR,St.rbucks,,0,Starbucks
MGJSHRW2,GB31KRPU90985980491592,HR,Starbucks,,0,Starbucks
OPLCGYWA,FR3233869907984374757541909,GY,Amador & Asociados S.L.N.E,,1,Amador & Asociados S.L.N.E
OPLCGYWA,FR3233869907984374757541909,GY,Instalaciones Villaverde & Asociados S.A.,42701 Jaén,1,Instalaciones Villaverde & Asociados S.A.
OPLCGYWA,FR3233869907984374757541909,GY,Industrias KP S.A.T.,Pasadizo Samuel Aroca 08587 Toledo ES,1,Industrias KP S.A.T.
OPLCGYWA,FR3233869907984374757541909,GY,Industrias KP,Toledo ES,1,Industrias KP S.A.T.
OPLCGYWA,FR3233869907984374757541909,GY,",KP S.A.T.",.  .,1,Industrias KP S.A.T.
OPLCGYWA,FR3233869907984374757541909,GY,KP. S.A.T.,,1,Industrias KP S.A.T.
JNAHMEOP,GB45PAKL61206883001194,ME,Nohlmans GbR,,0,Nohlmans GbR
JNAHMEOP,GB45PAKL61206883001194,ME,Nohlmans GbR,,0,Nohlmans GbR
ZNQQGEWB,FR1473107210451662551753073,GE,Davis LLC,7263 John Circles  Justinmouth/MA 74208,1,Davis LLC
ZNQQGEWB,FR1473107210451662551753073,GE,"Johnson, West and Stephens",83269/Port Jeffrey,1,"Johnson, West and Stephens"
ZNQQGEWB,FR1473107210451662551753073,GE,Farley Group,,1,Farley Group
ZNQQGEWB,FR1473107210451662551753073,GE,Farley Group SpA,##,1,Farley Group
BKMONEIO,FR1198543514690562613354688,NE,de Gruson Groep,,0,de Gruson Groep
BKMONEIO,FR1198543514690562613354688,NE,de Gruson Grp,,0,de Gruson Groep
BKMONEIO,FR1198543514690562613354688,NE,de Gruson Grp,,0,de Gruson Groep
BKMONEIO,FR1198543514690562613354688,NE,de Gruson Grp.,,0,de Gruson Groep
BKMONEIO,FR1198543514690562613354688,NE,de Gruson,Breezanddijk Kyanhof  Breezanddijk,0,de Gruson Groep
BKMONEIO,FR1198543514690562613354688,NE,de Gruson Gp.,Breezanddijk Netherlands,0,de Gruson Groep
BKMONEIO,FR1198543514690562613354688,NE,de  Gruson,,0,de Gruson Groep
BKMONEIO,FR1198543514690562613354688,NE,de .Gruson,,0,de Gruson Groep
BKMONEIO,FR1198543514690562613354688,NE,de Gruson,Netherlands,0,de Gruson Groep
BKMONEIO,FR1198543514690562613354688,NE,de Gruson Gr.,,0,de Gruson Groep
BKMONEIO,FR1198543514690562613354688,NE,de Gruson,,0,de Gruson Groep
JDJKMZEE,DE69588979637359945774,MZ,Scholten NV,,1,Scholten NV
JDJKMZEE,DE69588979637359945774,MZ,van Buuren BV,,1,van Buuren BV
JDJKMZEE,DE69588979637359945774,MZ,van Buuren- BV,,1,van Buuren BV
JDJKMZEE,DE69588979637359945774,MZ,van Buuren BV,,1,van Buuren BV
JDJKMZEE,DE69588979637359945774,MZ,Wilson BV,,1,Wilson BV
JDJKMZEE,DE69588979637359945774,MZ,Wilson BV-,Ulestraten Netherlands,1,Wilson BV
NOVUJMUY,IT36P4253871011224266685433,JM,Rossellini-Giacconi SPA,Contrada Aria  Lavezzola  RA  Italia,0,Rossellini-Giacconi SPA
NOVUJMUY,IT36P4253871011224266685433,JM,Rossellini Giacconi SPA,_ _ _,0,Rossellini-Giacconi SPA
UWPUBIZO,GB09NZLN55397947092068,BI,Instalaciones AK S.Com.,,1,Instalaciones AK S.Com.
UWPUBIZO,GB09NZLN55397947092068,BI,Flores y Páez S.A.,,1,Flores y Páez S.A.
UWPUBIZO,GB09NZLN55397947092068,BI,Comercial del Noroeste S.L.N.E,,1,Comercial del Noroeste S.L.N.E
UWPUBIZO,GB09NZLN55397947092068,BI,Marín & Asociados S.Com.,Girona,1,Marín & Asociados S.Com.
QIYXMCQD,GB86NZGF24745077686333,MC,Gomez-Marshall,,0,Gomez-Marshall
QIYXMCQD,GB86NZGF24745077686333,MC,Gomez Marshall,Bowmanfort,0,Gomez-Marshall
JSWYNGEB,GB25AOKK63580993449621,NG,Supermercados Vives S.L.N.E,,1,Supermercados Vives S.L.N.E
JSWYNGEB,GB25AOKK63580993449621,NG,Tecnologías Guitart & Asociados S.L.N.E,,1,Tecnologías Guitart & Asociados S.L.N.E
JSWYNGEB,GB25AOKK63580993449621,NG,Tecnologías Guitart &-  Asociados S.L.N.E,,1,Tecnologías Guitart & Asociados S.L.N.E
JSWYNGEB,GB25AOKK63580993449621,NG,Tecnologías Guitart & Asociados S.L.N.E,Lugo Spain,1,Tecnologías Guitart & Asociados S.L.N.E
JSWYNGEB,GB25AOKK63580993449621,NG,Tecnologías Guitart & Asociados S.L.N.E,,1,Tecnologías Guitart & Asociados S.L.N.E
JSWYNGEB,GB25AOKK63580993449621,NG,Tecnologías Guitart - & Asociados S.L.N.E,,1,Tecnologías Guitart & Asociados S.L.N.E
JSWYNGEB,GB25AOKK63580993449621,NG,Infraestructuras SRK S.A.,,1,Infraestructuras SRK S.A.
JSWYNGEB,GB25AOKK63580993449621,NG,Hnos Peña S.Com.,,1,Hnos Peña S.Com.
YPIZSEIZ,GB62ALKZ06448765090508,SE,Mills-Clark,,1,Mills-Clark
YPIZSEIZ,GB62ALKZ06448765090508,SE,Webb PLC,,1,Webb PLC
YPIZSEIZ,GB62ALKZ06448765090508,SE,Drake and Sons,,1,Drake and Sons
YPIZSEIZ,GB62ALKZ06448765090508,SE,Tran-Murphy,12791 51099  William Bridge Suite 035 Amberhaven,1,Tran-Murphy
YPIZSEIZ,GB62ALKZ06448765090508,SE,Tran Murphy,,1,Tran-Murphy
YPIZSEIZ,GB62ALKZ06448765090508,SE,Tran Murphy,Amberhaven US,1,Tran-Murphy
YPIZSEIZ,GB62ALKZ06448765090508,SE,Tran Murphy,,1,Tran-Murphy
YPIZSEIZ,GB62ALKZ06448765090508,SE,Tran  Murphy,Amberhaven US,1,Tran-Murphy
AMKNSLRN,DE93386142995353715485,SL,Hermanos Vergara S.L.N.E,Toledo,1,Hermanos Vergara S.L.N.E
AMKNSLRN,DE93386142995353715485,SL,Hermanos Páez S.L.,28068Cuesta Jose Angel Sevilla-Lleida,1,Hermanos Páez S.L.
AMKNSLRN,DE93386142995353715485,SL,Hermanos Páez,,1,Hermanos Páez S.L.
WOAEGYYZ,GB89JZZF59509095002675,GY,"Murphy, Cartwright and Hussain",,0,"Murphy, Cartwright and Hussain"
WOAEGYYZ,GB89JZZF59509095002675,GY,"Murphy, Cartwright Ind. Hussain",,0,"Murphy, Cartwright and Hussain"
WOAEGYYZ,GB89JZZF59509095002675,GY,"Murphy, Cartwright Ind. Hussain",,0,"Murphy, Cartwright and Hussain"
WOAEGYYZ,GB89JZZF59509095002675,GY,"Murphy, Cartwright Ind. Hussain","Studio 50,Raymond cove  mberton  SE4 9TP",0,"Murphy, Cartwright and Hussain"
WOAEGYYZ,GB89JZZF59509095002675,GY,"Murphy, Cartwright",Amberton United Kingdom,0,"Murphy, Cartwright and Hussain"
WOAEGYYZ,GB89JZZF59509095002675,GY,"Murphy, - Cartwright Hussain",,0,"Murphy, Cartwright and Hussain"
WOAEGYYZ,GB89JZZF59509095002675,GY,"Murphy, Cartwright Industries Hussain",,0,"Murphy, Cartwright and Hussain"
MDIONRVO,FR1482309549438856554637888,NR,Sanchez S.A.R.L.,###,1,Sanchez S.A.R.L.
MDIONRVO,FR1482309549438856554637888,NR,Pereira,,1,Pereira
MDIONRVO,FR1482309549438856554637888,NR,Pereira,boulevard Allain-21 Pierredan  Pierredan FR,1,Pereira
MDIONRVO,FR1482309549438856554637888,NR,Pereira,,1,Pereira
MDIONRVO,FR1482309549438856554637888,NR,Gomes,avenue Fontaine 71 Dupuis  Dupuis-France,1,Gomes
MDIONRVO,FR1482309549438856554637888,NR,Gome. ,,1,Gomes
MDIONRVO,FR1482309549438856554637888,NR,Rossi SA,,1,Rossi SA
VORYSGZ2,GB23TVKC72107315977873,SG,Sas NV,,1,Sas NV
VORYSGZ2,GB23TVKC72107315977873,SG,Munckhof Groep,,1,Munckhof Groep
VORYSGZ2,GB23TVKC72107315977873,SG,Vos Logistics,,1,Vos Logistics
VORYSGZ2,GB23TVKC72107315977873,SG,Vos Logistics Pvt Ltd Ltd.,,1,Vos Logistics
VORYSGZ2,GB23TVKC72107315977873,SG,Vos Logistics Public LTD,,1,Vos Logistics
VORYSGZ2,GB23TVKC72107315977873,SG,Vos Logistics Public Limited,,1,Vos Logistics
VORYSGZ2,GB23TVKC72107315977873,SG,Vos Logistics Public,,1,Vos Logistics
VORYSGZ2,GB23TVKC72107315977873,SG,Vos Logistics Public Ltée,4192 BP  Schettens,1,Vos Logistics
VORYSGZ2,GB23TVKC72107315977873,SG,Vos Logistics Public,,1,Vos Logistics
VORYSGZ2,GB23TVKC72107315977873,SG,Houdijk & Bastiaanse,,1,Houdijk & Bastiaanse
MOXAMKFY,GB63BABF16126035863573,MK,Ward Group,South Janeport United Kingdom,0,Ward Group
MOXAMKFY,GB63BABF16126035863573,MK,Ward,,0,Ward Group
SARVBEWR,FR7662318456766636168576136,BE,"Gregory, Byrne and Green",,1,"Gregory, Byrne and Green"
SARVBEWR,FR7662318456766636168576136,BE,Allen Inc,,1,Allen Inc
SARVBEWR,FR7662318456766636168576136,BE,Allen,Lowe street/New Kerry,1,Allen Inc
SARVBEWR,FR7662318456766636168576136,BE,Allen,,1,Allen Inc
SARVBEWR,FR7662318456766636168576136,BE,"O'Brien, Baxter and Griffiths",,1,"O'Brien, Baxter and Griffiths"
SARVBEWR,FR7662318456766636168576136,BE,"O'Brien, Baxter Inds. Griffiths",Dannytown United Kingdom,1,"O'Brien, Baxter and Griffiths"
QXFBDEFY,IT58B7171650621387492979657,DE,Kaufman-Lowery,Pereztown US,0,Kaufman-Lowery
QXFBDEFY,IT58B7171650621387492979657,DE,Kaufman Lowery S.C.A.R.L.,Paul Canyon Apt. 615-961 01606 Pereztown(CO) United States,0,Kaufman-Lowery
QXFBDEFY,IT58B7171650621387492979657,DE,Kaufman Lowery,"01606,Perezton",0,Kaufman-Lowery
QXFBDEFY,IT58B7171650621387492979657,DE,Kaufman Lowery S.C.A.R.L.,,0,Kaufman-Lowery
DYKHADDO,FR0583855870978016971214509,AD,"Hardy, Barrett and Henson",,0,"Hardy, Barrett and Henson"
DYKHADDO,FR0583855870978016971214509,AD,"Hardy, Barrett Ind. Henson",Andrewbury US,0,"Hardy, Barrett and Henson"
DYKHADDO,FR0583855870978016971214509,AD,"Hardy, Barrett Inds. Henson",ndrewbury US,0,"Hardy, Barrett and Henson"
DYKHADDO,FR0583855870978016971214509,AD,"Hardy, Barrett Henson",,0,"Hardy, Barrett and Henson"
DYKHADDO,FR0583855870978016971214509,AD,"Hardy, Barrett",,0,"Hardy, Barrett and Henson"
DYKHADDO,FR0583855870978016971214509,AD,"Hardy, Barrett Henson",,0,"Hardy, Barrett and Henson"
ZATCUSTB,DE34693730299142917451,US,"Collodi, Vergassola e Monteverdi e figli",,0,"Collodi, Vergassola e Monteverdi e figli"
ZATCUSTB,DE34693730299142917451,US,"Collodi, Vergassola e e figli",Vicolo Susanna  Apprtamento 3 Castellazzo Bormida-(AL) Italia,0,"Collodi, Vergassola e Monteverdi e figli"
ZATCUSTB,DE34693730299142917451,US,"Collodi,- Vergassola e Monteverdi e - figli",,0,"Collodi, Vergassola e Monteverdi e figli"
ZATCUSTB,DE34693730299142917451,US,"Collodi, Vergassola e Monteverdi e figli",,0,"Collodi, Vergassola e Monteverdi e figli"
ZATCUSTB,DE34693730299142917451,US,"Collodi, Vergassola e Monteverdi e figli",,0,"Collodi, Vergassola e Monteverdi e figli"
ZATCUSTB,DE34693730299142917451,US,"Collodi, Vergassola Monteverdi. e.figli",,0,"Collodi, Vergassola e Monteverdi e figli"
FHCYAEJZ,GB10LVTW32496941176146,AE,Koninklijke Hoogers,"Bastiaanboulevard Margraten/Margraten,NL",0,Koninklijke Hoogers
FHCYAEJZ,GB10LVTW32496941176146,AE,Koninklijke Hoogers,,0,Koninklijke Hoogers
GPJQSGHE,FR0517809571837882934313357,SG,da Rosa,,0,da Rosa
GPJQSGHE,FR0517809571837882934313357,SG,Rosa,,0,da Rosa
GPJQSGHE,FR0517809571837882934313357,SG,S.A- Rosa,,0,da Rosa
GPJQSGHE,FR0517809571837882934313357,SG,Rosa,Brazil,0,da Rosa
GPJQSGHE,FR0517809571837882934313357,SG,S.A Rosa,,0,da Rosa
GPJQSGHE,FR0517809571837882934313357,SG,S.a Rosa,&,0,da Rosa
GPJQSGHE,FR0517809571837882934313357,SG,.Rosa,,0,da Rosa
GPJQSGHE,FR0517809571837882934313357,SG,S.A Rosa,Distrito de Moraes 1-Jrdim Leblon-03367532 Azevedo  MA,0,da Rosa
EEIFHNXH,DE67843372486782424316,HN,Rolland SARL,Turpin FR,0,Rolland SARL
EEIFHNXH,DE67843372486782424316,HN,Rolland SARL,,0,Rolland SARL
EEIFHNXH,DE67843372486782424316,HN,Rolland SARL S.N.C,,0,Rolland SARL
EEIFHNXH,DE67843372486782424316,HN,Rolland SARL SNC,France,0,Rolland SARL
EEIFHNXH,DE67843372486782424316,HN,Rolland SARL S.N.C.,,0,Rolland SARL
EEIFHNXH,DE67843372486782424316,HN,"Rolland,S.R.L. S.N.C",53 Turpin avenu ReyTurpin,0,Rolland SARL
EEIFHNXH,DE67843372486782424316,HN,Rolland.S r l S.N.C,"avenue Rey,53 Turpin Turpin France",0,Rolland SARL
EEIFHNXH,DE67843372486782424316,HN,Rolland,Turpin,0,Rolland SARL
EEIFHNXH,DE67843372486782424316,HN,Rolland S.r.l. - S.N.C,,0,Rolland SARL
EEIFHNXH,DE67843372486782424316,HN,Rolland SARL  S.n.c,,0,Rolland SARL
ISAKMSDG,NL38WTRQ6643629297,MS,da Rosa da Mata e Filhos,SC/Lago de Santos Lagoinha,1,da Rosa da Mata e Filhos
ISAKMSDG,NL38WTRQ6643629297,MS,S.A. Rosa - S.A. Mata - e Filhos,"Lago de Santos SC,Lagoinha Brazil",1,da Rosa da Mata e Filhos
ISAKMSDG,NL38WTRQ6643629297,MS,S.a. Rosa Mata/e Filhos,Lagoinha,1,da Rosa da Mata e Filhos
ISAKMSDG,NL38WTRQ6643629297,MS,Rosa,,1,da Rosa da Mata e Filhos
ISAKMSDG,NL38WTRQ6643629297,MS,Oliveira,,1,Oliveira
ISAKMSDG,NL38WTRQ6643629297,MS,Martins e Filhos,Lago Correia79 Aarão Reis 11195913 Castro do Campo DF,1,Martins e Filhos
ISAKMSDG,NL38WTRQ6643629297,MS,Novaes - ME,Morro de Oliveira  PA/Aeroporto  PABR,1,Novaes - ME
JAGNTWXL,FR2313904610514217831642455,TW,"Chigi, Bianchi e Curatoli s.r.l.",Borgo Tanzini-Piano 0-San Giorgio/PZ-IT,1,"Chigi, Bianchi e Curatoli s.r.l."
JAGNTWXL,FR2313904610514217831642455,TW,"Chigi,/Bianchi e Curatoli",X  X X,1,"Chigi, Bianchi e Curatoli s.r.l."
JAGNTWXL,FR2313904610514217831642455,TW,"Chigi, Bianchi e Curatoli S.R.L.","Borgo Tanzini Piano 0 San Giorgio  PZ,IT",1,"Chigi, Bianchi e Curatoli s.r.l."
JAGNTWXL,FR2313904610514217831642455,TW,"Chigi, Bianchi e Curatoli S r l",Borgo Tanzini Piano 0 San Giorgio  Italia,1,"Chigi, Bianchi e Curatoli s.r.l."
JAGNTWXL,FR2313904610514217831642455,TW,"Chigi, Bianchi Curatoli",,1,"Chigi, Bianchi e Curatoli s.r.l."
JAGNTWXL,FR2313904610514217831642455,TW,"Chigi, Bianchi e Curatoli",Piano 0 Borgo Tanzini/San Giorgio,1,"Chigi, Bianchi e Curatoli s.r.l."
JAGNTWXL,FR2313904610514217831642455,TW,"Chigi, Bianchi Curatoli",,1,"Chigi, Bianchi e Curatoli s.r.l."
JAGNTWXL,FR2313904610514217831642455,TW,"Chigi, Bianchi e Curatoli",Borgo Tanzini  Piano 0  San Giorgio-(PZ) Italia,1,"Chigi, Bianchi e Curatoli s.r.l."
JAGNTWXL,FR2313904610514217831642455,TW,Faugno e figli,Vicolo Bompiani  Diano Castello,1,Faugno e figli
JAGNTWXL,FR2313904610514217831642455,TW,Faugno e figli,Italia,1,Faugno e figli
MVDZGLDP,GB98UKPX52208500992730,GL,Nogueira,,1,Nogueira
MVDZGLDP,GB98UKPX52208500992730,GL,Duarte Ltda.,Fazenda de Oliveira  19 Pedreira Padro Lopes 82404-037 Azevedo/AM,1,Duarte Ltda.
MVDZGLDP,GB98UKPX52208500992730,GL,Duarte/LTT SRL,,1,Duarte Ltda.
MVDZGLDP,GB98UKPX52208500992730,GL,Duarte Ltda.,,1,Duarte Ltda.
MVDZGLDP,GB98UKPX52208500992730,GL,Pires S/A,,1,Pires S/A
MVDZGLDP,GB98UKPX52208500992730,GL,Pires,,1,Pires S/A
MVDZGLDP,GB98UKPX52208500992730,GL,Pires S.a. Incorporated,,1,Pires S/A
LCIMHND1,NL41EASJ9583080374,HN,"Ahmed, Robinson and Randall",Natalieport United Kingdom,0,"Ahmed, Robinson and Randall"
LCIMHND1,NL41EASJ9583080374,HN,"Ahmed, Robinson",Jones station 95 Nataliepot United Kingdom,0,"Ahmed, Robinson and Randall"
LCIMHND1,NL41EASJ9583080374,HN,"Ahmed, Robinson Ind. RInd.all",,0,"Ahmed, Robinson and Randall"
LCIMHND1,NL41EASJ9583080374,HN,"Ahmed, Robinson Industries RIndustriesall",United Kingdom,0,"Ahmed, Robinson and Randall"
LCIMHND1,NL41EASJ9583080374,HN,"Ahmed, Robinson",,0,"Ahmed, Robinson and Randall"
LCIMHND1,NL41EASJ9583080374,HN,"Ahmed, Robinson Inds",,0,"Ahmed, Robinson and Randall"
LCIMHND1,NL41EASJ9583080374,HN,"Ahmed, Robinson Inds RIndsall",,0,"Ahmed, Robinson and Randall"
LCIMHND1,NL41EASJ9583080374,HN,"Ahmed, Robinson R",Natalieport United Kingdom,0,"Ahmed, Robinson and Randall"
LCIMHND1,NL41EASJ9583080374,HN,"Ahmed, - Robinson Inds. RInds.all",,0,"Ahmed, Robinson and Randall"
CTJYBJN1,GB45PHQI85644513348597,BJ,Perry-Green,,0,Perry-Green
CTJYBJN1,GB45PHQI85644513348597,BJ,Perry Green,United Kingdom,0,Perry-Green
CTJYBJN1,GB45PHQI85644513348597,BJ,Perry Green,,0,Perry-Green
CTJYBJN1,GB45PHQI85644513348597,BJ,Perry/Green,Flat 77  Jenkins centers  South Matthewbury WR3E 8RP,0,Perry-Green
CTJYBJN1,GB45PHQI85644513348597,BJ,Perry Green,,0,Perry-Green
CTJYBJN1,GB45PHQI85644513348597,BJ,Perry Green,Flat 77  Jenkins centers South Matthewbury WR3E 8RP,0,Perry-Green
CTJYBJN1,GB45PHQI85644513348597,BJ,Perry Green,,0,Perry-Green
KNQXLABG,GB11AYHC56787791066470,LA,Compañía del Mediterráneo S.Com.,"Ronda Débora Río,30201  Granada  Spai",0,Compañía del Mediterráneo S.Com.
KNQXLABG,GB11AYHC56787791066470,LA,Compañía del Mediterráneo S.Com.,Granada ES,0,Compañía del Mediterráneo S.Com.
KNQXLABG,GB11AYHC56787791066470,LA,Compañía del Mediterráneo,Granada ES,0,Compañía del Mediterráneo S.Com.
KNQXLABG,GB11AYHC56787791066470,LA,Compañía del Mediterráneo S.Com.,,0,Compañía del Mediterráneo S.Com.
KNQXLABG,GB11AYHC56787791066470,LA,Compañía del Mediterráneo S.Com.,Spain,0,Compañía del Mediterráneo S.Com.
ZOZNMKOM,FR1058151950327710449091673,MK,Evrard,MarionBourg France,1,Evrard
ZOZNMKOM,FR1058151950327710449091673,MK,Antoine et Fils,,1,Antoine et Fils
XODJZMW2,ES1418092227851512402027,ZM,Lopes,,1,Lopes
XODJZMW2,ES1418092227851512402027,ZM,Girard et Fils,,1,Girard et Fils
XODJZMW2,ES1418092227851512402027,ZM,Benard,,1,Benard
XODJZMW2,ES1418092227851512402027,ZM,Caron Muller S.A.R.L.,"chemin de Dupont 18 LamyLmy,France",1,Caron Muller S.A.R.L.
LVUFRUYY,GB13OUHK86390510382331,RU,Washington LLC,United States,0,Washington LLC
LVUFRUYY,GB13OUHK86390510382331,RU,Washington LLC,,0,Washington LLC
LVUFRUYY,GB13OUHK86390510382331,RU,Washington LLC,,0,Washington LLC
TIYDATVH,NL80UDAH4521250143,AT,"Morgan, Taylor and Jones",,1,"Morgan, Taylor and Jones"
TIYDATVH,NL80UDAH4521250143,AT,"Morgan, .Taylor- Industries Jones",,1,"Morgan, Taylor and Jones"
TIYDATVH,NL80UDAH4521250143,AT,"Morgan, Taylor  Inds Jones",,1,"Morgan, Taylor and Jones"
TIYDATVH,NL80UDAH4521250143,AT,"Morgan, Taylor Inds. Jones",Joanne shores5 North Paulineport GB,1,"Morgan, Taylor and Jones"
TIYDATVH,NL80UDAH4521250143,AT,"Morgan, Taylor Inds Jones",,1,"Morgan, Taylor and Jones"
TIYDATVH,NL80UDAH4521250143,AT,"Morgan, Taylor Inds. Jones",,1,"Morgan, Taylor and Jones"
TIYDATVH,NL80UDAH4521250143,AT,"Buckley, Graham and Matthews",,1,"Buckley, Graham and Matthews"
TIYDATVH,NL80UDAH4521250143,AT,"Buckley,  Graham",Mohamed flats East Scottborough  GB,1,"Buckley, Graham and Matthews"
VUFIBYE0,GB82TEMU19309646396738,BY,Gomes,,1,Gomes
VUFIBYE0,GB82TEMU19309646396738,BY,Gomes  SNC,iradentes,1,Gomes
VUFIBYE0,GB82TEMU19309646396738,BY,Gomes S.N.C.,Residencial Maria Luiza Sales/RO  Tiradentes (RO) BR,1,Gomes
VUFIBYE0,GB82TEMU19309646396738,BY,Gomes  SNC,,1,Gomes
VUFIBYE0,GB82TEMU19309646396738,BY,Gomes S.n.c,,1,Gomes
VUFIBYE0,GB82TEMU19309646396738,BY,Gomes,,1,Gomes
VUFIBYE0,GB82TEMU19309646396738,BY,Castro da Costa Ltda.,49733104 RibeiroManacas,1,Castro da Costa Ltda.
VUFIBYE0,GB82TEMU19309646396738,BY,Rezende,,1,Rezende
CVSAGBWP,FR9394147736440711684894407,GB,Le Goff,Duboissur-Bonneau France,0,Le Goff
CVSAGBWP,FR9394147736440711684894407,GB,Le Goff,,0,Le Goff
CVSAGBWP,FR9394147736440711684894407,GB,Le  Goff,chemin de Maury  136 Dubois-sur-Bonneau Dubois-sur-Bonneau-France,0,Le Goff
BNQVCYXU,NL95VHAC8374760696,CY,Smith Inc,,1,Smith Inc
BNQVCYXU,NL95VHAC8374760696,CY,Talbot Inc,,1,Talbot Inc
EMQXTFO1,GB57FNNX34842923713635,TF,"Osborne, Mann and Johnson",,0,"Osborne, Mann and Johnson"
EMQXTFO1,GB57FNNX34842923713635,TF,"Osborne, Mann- Industries-Johnson",,0,"Osborne, Mann and Johnson"
EMQXTFO1,GB57FNNX34842923713635,TF,"Osborne, Mann,Johnson",New Jillview,0,"Osborne, Mann and Johnson"
EMQXTFO1,GB57FNNX34842923713635,TF,"Osborne, Mann Inds.",,0,"Osborne, Mann and Johnson"
OTODMEER,FR0382449085874741448160543,ME,Caruso s.r.l.,Centenaro Italia,0,Caruso s.r.l.
OTODMEER,FR0382449085874741448160543,ME,Caruso - S.R.L. Co.,,0,Caruso s.r.l.
OTODMEER,FR0382449085874741448160543,ME,Caruso,,0,Caruso s.r.l.
OTODMEER,FR0382449085874741448160543,ME,Caruso SRL Co.,Centenaro,0,Caruso s.r.l.
OTODMEER,FR0382449085874741448160543,ME,Caruso s.r.l.,,0,Caruso s.r.l.
OTODMEER,FR0382449085874741448160543,ME,Caruso  s.r.l. Co,,0,Caruso s.r.l.
OTODMEER,FR0382449085874741448160543,ME,Caruso s.r.l. Co.,"Piazza Tremonti,Centenaro",0,Caruso s.r.l.
CMKPJPI0,NL79EFDD2054492884,JP,Hotel del Noroeste S.Com.,38897 Pasaje de Mar Comas 25 Piso/Zaragoz,1,Hotel del Noroeste S.Com.
CMKPJPI0,NL79EFDD2054492884,JP,Hotel Ibañez S.L.N.E,,1,Hotel Ibañez S.L.N.E
CMKPJPI0,NL79EFDD2054492884,JP,Carlito Cerro Vidal S.Coop.,,1,Carlito Cerro Vidal S.Coop.
CMKPJPI0,NL79EFDD2054492884,JP,Carlito Cerro S.Coop.,14796Albacete,1,Carlito Cerro Vidal S.Coop.
CMKPJPI0,NL79EFDD2054492884,JP,Carlito  Cerro Vidal S.Coop.,,1,Carlito Cerro Vidal S.Coop.
CMKPJPI0,NL79EFDD2054492884,JP,Carlito Cerro Vidal,"14796 Callejón de Iván Agudo 458 Piso,Albacete",1,Carlito Cerro Vidal S.Coop.
XVQLSJOS,IT25G8363801574852268738678,SJ,Castro S.A.,,1,Castro S.A.
XVQLSJOS,IT25G8363801574852268738678,SJ,Sales Castro S/A,,1,Sales Castro S/A
XVQLSJOS,IT25G8363801574852268738678,SJ,Sales  Castro,,1,Sales Castro S/A
XVQLSJOS,IT25G8363801574852268738678,SJ,Sales Castro SpA ,,1,Sales Castro S/A
BRFNMHU2,ES7829164406324840828709,MH,Miner & Rijks,Born,1,Miner & Rijks
BRFNMHU2,ES7829164406324840828709,MH,van Bentheim Groep,"Tull en 't Waal/Yasminbaan,Tull en 't Waal",1,van Bentheim Groep
BRFNMHU2,ES7829164406324840828709,MH,van Bentheim Gr.,& & &&,1,van Bentheim Groep
TDDKIOLT,GB26HWHT35477878733807,IO,Meeusen & Wendt,,1,Meeusen & Wendt
TDDKIOLT,GB26HWHT35477878733807,IO,François NV,Rijpwetering NL,1,François NV
TDDKIOLT,GB26HWHT35477878733807,IO,François-NV .,2816 YY Rijpwetering,1,François NV
TDDKIOLT,GB26HWHT35477878733807,IO,"François,NV-",,1,François NV
TDDKIOLT,GB26HWHT35477878733807,IO,François/NV-,"Elizapad-RijpweterngRijpwetering,NL",1,François NV
TDDKIOLT,GB26HWHT35477878733807,IO,François-NV- S.p.A.,,1,François NV
TDDKIOLT,GB26HWHT35477878733807,IO,"François,NV-SA",,1,François NV
TDDKIOLT,GB26HWHT35477878733807,IO,"François/NV,S.P.A.",,1,François NV
TDDKIOLT,GB26HWHT35477878733807,IO,François. NV-Sp.A.,Rijpwetering,1,François NV
TDDKIOLT,GB26HWHT35477878733807,IO,François- NV-,,1,François NV
TDDKIOLT,GB26HWHT35477878733807,IO,François/NV.,,1,François NV
ENOWHNMM,FR9199913078031243761627619,HN,"Davies, Jones and Evans",,1,"Davies, Jones and Evans"
ENOWHNMM,FR9199913078031243761627619,HN,Mann-Read,"Flat 04h,Marilyn alley,Port Hollieorough-M40 6FX",1,Mann-Read
ENOWHNMM,FR9199913078031243761627619,HN,John PLC,East Eleanorchester,1,John PLC
ENOWHNMM,FR9199913078031243761627619,HN,John PLC.S.u.,,1,John PLC
ENOWHNMM,FR9199913078031243761627619,HN,John-PLC S.c.,,1,John PLC
ENOWHNMM,FR9199913078031243761627619,HN,John Public Limited Company S.u,,1,John PLC
ENOWHNMM,FR9199913078031243761627619,HN,John-P.L.C. S.u,East Eleanorchester GB,1,John PLC
ENOWHNMM,FR9199913078031243761627619,HN,John PLC S.u.,,1,John PLC
ENOWHNMM,FR9199913078031243761627619,HN,John pLC-S.u,East Eleanorchester GB,1,John PLC
ENOWHNMM,FR9199913078031243761627619,HN,John PLC S.c.,United Kingdom,1,John PLC
ENOWHNMM,FR9199913078031243761627619,HN,John,,1,John PLC
EUDBTKB0,FR3687249411464205517088523,TK,Bailly Jacquot et Fils,SainteWilliamBourg,0,Bailly Jacquot et Fils
EUDBTKB0,FR3687249411464205517088523,TK,Bailly Jacquot et Fils,France,0,Bailly Jacquot et Fils
