BIC,AccountNumber,CTRYbnk,Name,Address,IsShared,Holder
LJPNBSUQ,NL79LPAG9046133874,BS,Nicolas,Renard France,1,Nicolas
LJPNBSUQ,NL79LPAG9046133874,BS,Nicolas,,1,Nicolas
LJPNBSUQ,NL79LPAG9046133874,BS,Nicolas,,1,Nicolas
LJPNBSUQ,NL79LPAG9046133874,BS,Nicolas,Renard FR,1,Nicolas
LJPNBSUQ,NL79LPAG9046133874,BS,Nicolas,rue Martinez15 RenardRenard FR,1,Nicolas
LJPNBSUQ,NL79LPAG9046133874,BS,Nicolas,,1,Nicolas
LJPNBSUQ,NL79LPAG9046133874,BS,Lombard Sauvage et Fils,"rue Margaud anguy,97 Colin Colin,France",1,Lombard Sauvage et Fils
LJPNBSUQ,NL79LPAG9046133874,BS,Lombard Sauvage et Fils,Colin FR,1,Lombard Sauvage et Fils
LJPNBSUQ,NL79LPAG9046133874,BS,Lombard Sauvage et Fils,,1,Lombard Sauvage et Fils
LJPNBSUQ,NL79LPAG9046133874,BS,Lombard Sauvage  et Fils,,1,Lombard Sauvage et Fils
LJPNBSUQ,NL79LPAG9046133874,BS,Lombard Sauvage et Fils,,1,Lombard Sauvage et Fils
NQKSFIPN,DE74232949013788099546,FI,Distribuciones GFG S.A.,,0,Distribuciones GFG S.A.
NQKSFIPN,DE74232949013788099546,FI,Distribuciones-GFG S.a.,32039 Ourense,0,Distribuciones GFG S.A.
NQKSFIPN,DE74232949013788099546,FI,Distribuciones GFG,,0,Distribuciones GFG S.A.
NQKSFIPN,DE74232949013788099546,FI,Distribuciones GFG,Ourense ES,0,Distribuciones GFG S.A.
NQKSFIPN,DE74232949013788099546,FI,Distribuciones GFG S.U.,Spain,0,Distribuciones GFG S.A.
NQKSFIPN,DE74232949013788099546,FI,Distribuciones GFG SA,,0,Distribuciones GFG S.A.
NQKSFIPN,DE74232949013788099546,FI,Distribuciones GFG S.C.,Ourense,0,Distribuciones GFG S.A.
NQKSFIPN,DE74232949013788099546,FI,Distribuciones GFG S.p.A.,,0,Distribuciones GFG S.A.
NQKSFIPN,DE74232949013788099546,FI,Distribuciones GFG,Spain,0,Distribuciones GFG S.A.
NQKSFIPN,DE74232949013788099546,FI,Distribuciones GFG SA,"Callejón de Ana Pomares,32039 Ourense,Spain",0,Distribuciones GFG S.A.
UFOFSSDO,NL31RKUA0580295771,SS,Besnard Morel S.A.R.L.,,0,Besnard Morel S.A.R.L.
UFOFSSDO,NL31RKUA0580295771,SS,Besnard Morel S.C.A.R.L,71 Philippenec avenue Astrid Leconte-Philippeec,0,Besnard Morel S.A.R.L.
UFOFSSDO,NL31RKUA0580295771,SS,Besnard Morel,,0,Besnard Morel S.A.R.L.
UFOFSSDO,NL31RKUA0580295771,SS,Besnard Morel S.c.a.r.l.,02897 Philippenec,0,Besnard Morel S.A.R.L.
UFOFSSDO,NL31RKUA0580295771,SS,Besnard Morel,,0,Besnard Morel S.A.R.L.
UFOFSSDO,NL31RKUA0580295771,SS,Besnard Morel,Philippenec FR,0,Besnard Morel S.A.R.L.
UFOFSSDO,NL31RKUA0580295771,SS,Besnard Morel,,0,Besnard Morel S.A.R.L.
UFOFSSDO,NL31RKUA0580295771,SS,Besnard Morel,,0,Besnard Morel S.A.R.L.
HZTQAIOS,GB34TORH72695572590895,AI,Sollima-Prodi Group,Italia,1,Sollima-Prodi Group
HZTQAIOS,GB34TORH72695572590895,AI,"Curiel, Zoppetti e Bombieri s.r.l.",Montefortino IT,1,"Curiel, Zoppetti e Bombieri s.r.l."
HZTQAIOS,GB34TORH72695572590895,AI,"Curiel,  Zoppetti e/Bombieri",,1,"Curiel, Zoppetti e Bombieri s.r.l."
HZTQAIOS,GB34TORH72695572590895,AI,"Curiel, Zoppetti Bombieri",,1,"Curiel, Zoppetti e Bombieri s.r.l."
HZTQAIOS,GB34TORH72695572590895,AI,"Curiel, Zoppetti e Bombieri SRL",,1,"Curiel, Zoppetti e Bombieri s.r.l."
HZTQAIOS,GB34TORH72695572590895,AI,"Curiel,-Zoppetti e  Bombieri S.r.l.",,1,"Curiel, Zoppetti e Bombieri s.r.l."
HZTQAIOS,GB34TORH72695572590895,AI,Torlonia-Rossetti Group,Portofino Italia,1,Torlonia-Rossetti Group
HZTQAIOS,GB34TORH72695572590895,AI,Torlonia Rossetti Grp SpA- ,Portofino,1,Torlonia-Rossetti Group
GEHDPMVX,NL46KEVU1954472107,PM,"Christian, Baker and Schmidt",,0,"Christian, Baker and Schmidt"
GEHDPMVX,NL46KEVU1954472107,PM,"Christian, Baker Ind. Schmidt",531 77287 Kimberly Prairie Suite 555-Mackenziechester,0,"Christian, Baker and Schmidt"
GEHDPMVX,NL46KEVU1954472107,PM,"Christian, Baker Schmidt","531,Kimberly Prairie Suite 555-Macenziechester-IL 77287",0,"Christian, Baker and Schmidt"
GEHDPMVX,NL46KEVU1954472107,PM,"Christian,- Baker  Inds",,0,"Christian, Baker and Schmidt"
GEHDPMVX,NL46KEVU1954472107,PM,"Christian, Baker Schmidt",United tates,0,"Christian, Baker and Schmidt"
GEHDPMVX,NL46KEVU1954472107,PM,"Christian, Baker Inds. Schmidt",531Kimberly Prairie Suite 555Mackenziechester IL/77287,0,"Christian, Baker and Schmidt"
UDCRJET0,FR2250250922223818164748190,JE,Putz,,0,Putz
UDCRJET0,FR2250250922223818164748190,JE,Putz Company,,0,Putz
UDCRJET0,FR2250250922223818164748190,JE,Putz,,0,Putz
UDCRJET0,FR2250250922223818164748190,JE,Putz Co.,,0,Putz
UDCRJET0,FR2250250922223818164748190,JE,Putz Co,,0,Putz
UDCRJET0,FR2250250922223818164748190,JE,Putz.,"Drubinstraße/Quedlinburg,Quedlinburg,DE",0,Putz
UDCRJET0,FR2250250922223818164748190,JE,Putz,Quedlinburg,0,Putz
UDCRJET0,FR2250250922223818164748190,JE,Putz Comp.,,0,Putz
UDCRJET0,FR2250250922223818164748190,JE,Putz,,0,Putz
UDCRJET0,FR2250250922223818164748190,JE,Putz,,0,Putz
JIUPAOWS,GB51BKOF76353467601188,AO,Noble Ltd,,1,Noble Ltd
JIUPAOWS,GB51BKOF76353467601188,AO,Howell-Patel,,1,Howell-Patel
BSPFSJVL,IT12M2659416185634900812597,SJ,Moura,__ _  _,1,Moura
BSPFSJVL,IT12M2659416185634900812597,SJ,Moura,,1,Moura
BSPFSJVL,IT12M2659416185634900812597,SJ,Moura Industries,,1,Moura
BSPFSJVL,IT12M2659416185634900812597,SJ,Campos,,1,Campos
BSPFSJVL,IT12M2659416185634900812597,SJ,Cardoso,Santo Agosinho Brazil,1,Cardoso
BSPFSJVL,IT12M2659416185634900812597,SJ,Lima S.A.,Vila Coqueiral,1,Lima S.A.
XITFLSQA,GB47WPPY87319313923659,LS,Minería Iberia S.L.,,0,Minería Iberia S.L.
XITFLSQA,GB47WPPY87319313923659,LS,Minería Iberia S.C,43633 Camino de Adelia Hurtado  Segovia,0,Minería Iberia S.L.
XITFLSQA,GB47WPPY87319313923659,LS,Minería .Iberia,Segovia Spain,0,Minería Iberia S.L.
XITFLSQA,GB47WPPY87319313923659,LS,Minería Iberia,,0,Minería Iberia S.L.
XITFLSQA,GB47WPPY87319313923659,LS,Minería Iberia S.C.,,0,Minería Iberia S.L.
XITFLSQA,GB47WPPY87319313923659,LS,Minería  Iberia SA,"Camino de Adelia Hurtado  43633 Segovia,Spain",0,Minería Iberia S.L.
ETECIQHJ,ES6501137715877601505897,IQ,Döhn,,0,Döhn
ETECIQHJ,ES6501137715877601505897,IQ,Döhn S.P.A.,Erbisdorf DE,0,Döhn
ETECIQHJ,ES6501137715877601505897,IQ,Döhn,,0,Döhn
ETECIQHJ,ES6501137715877601505897,IQ,Döhn  S.P.A,30318Erbisdorf,0,Döhn
ETECIQHJ,ES6501137715877601505897,IQ,Döhn  S.p.A.,,0,Döhn
VTDXMMLW,GB84MIQV50132393413287,MM,Trezzini-Cusano s.r.l.,Ottone IT,1,Trezzini-Cusano s.r.l.
VTDXMMLW,GB84MIQV50132393413287,MM,Comeriato-Bottaro SPA,Castellino Del Biferno IT,1,Comeriato-Bottaro SPA
VTDXMMLW,GB84MIQV50132393413287,MM,Vercelloni SPA,83034Casalbore,1,Vercelloni SPA
LTOYGFBG,GB04IMWM88711071643600,GF,"Bailey, Jones and Watson",United Kingdom,1,"Bailey, Jones and Watson"
LTOYGFBG,GB04IMWM88711071643600,GF,"Bailey, Jones Inds. Watson",,1,"Bailey, Jones and Watson"
LTOYGFBG,GB04IMWM88711071643600,GF,"Bailey, Jones",,1,"Bailey, Jones and Watson"
LTOYGFBG,GB04IMWM88711071643600,GF,Farrell and Sons,United Kingdom,1,Farrell and Sons
LTOYGFBG,GB04IMWM88711071643600,GF,Farrell Ind. Sons,,1,Farrell and Sons
LTOYGFBG,GB04IMWM88711071643600,GF,Farrell. Industries,,1,Farrell and Sons
LTOYGFBG,GB04IMWM88711071643600,GF,Hall-Franklin,Carterside GB,1,Hall-Franklin
LTOYGFBG,GB04IMWM88711071643600,GF,Hall Franklin Inc.,,1,Hall-Franklin
LTOYGFBG,GB04IMWM88711071643600,GF,Hall Franklin.,Carterside United Kingdom,1,Hall-Franklin
NEBTSEF2,GB28SOED06848931444117,SE,"Murphy, Thompson and Fuller",,0,"Murphy, Thompson and Fuller"
NEBTSEF2,GB28SOED06848931444117,SE,"Murphy, Thompson Inds Fuller",,0,"Murphy, Thompson and Fuller"
NEBTSEF2,GB28SOED06848931444117,SE,"Murphy, Thompson",,0,"Murphy, Thompson and Fuller"
NEBTSEF2,GB28SOED06848931444117,SE,"Murphy, Thompson",Fleming Greens 41363 58990  South Josephtown KS  United States,0,"Murphy, Thompson and Fuller"
NEBTSEF2,GB28SOED06848931444117,SE,"Murphy, Thompson- Inds. Fuller",,0,"Murphy, Thompson and Fuller"
TIHUNUPE,NL29XQMW0741068350,NU,Pinto S/A,Passarela Rafaela Ribeiro/AC Laranjeiras (AC)-BR,1,Pinto S/A
TIHUNUPE,NL29XQMW0741068350,NU,da Rocha,,1,da Rocha
NBPMCWIZ,DE94205495613857628324,CW,Vieira,,0,Vieira
NBPMCWIZ,DE94205495613857628324,CW,Vieira,,0,Vieira
NBPMCWIZ,DE94205495613857628324,CW,Vieira,,0,Vieira
NBPMCWIZ,DE94205495613857628324,CW,Vie.ra,,0,Vieira
NBPMCWIZ,DE94205495613857628324,CW,Vieira,,0,Vieira
NBPMCWIZ,DE94205495613857628324,CW,Vieira,"Trecho das Neves  AM  Unidas,Brazil",0,Vieira
JLFILRTH,NL67QSHD8997322242,LR,Heijmans,Charlottelaan  Urmond/Urmond Netherlands,1,Heijmans
JLFILRTH,NL67QSHD8997322242,LR,Heijmans,,1,Heijmans
JLFILRTH,NL67QSHD8997322242,LR,Heijmans,Charlottelaan  2/2613HL Urmond,1,Heijmans
JLFILRTH,NL67QSHD8997322242,LR,Heijmans,Urmond NL,1,Heijmans
JLFILRTH,NL67QSHD8997322242,LR,"Heijman,",,1,Heijmans
JLFILRTH,NL67QSHD8997322242,LR,Mangel & Verheij,Lindseyboulevard/Borculo/Borculo  Netherlands,1,Mangel & Verheij
JLFILRTH,NL67QSHD8997322242,LR,Mangel & Verheij,"Borculo,Lindseyboulevard  Borculo",1,Mangel & Verheij
JLFILRTH,NL67QSHD8997322242,LR,Mangel & Verheij,,1,Mangel & Verheij
JLFILRTH,NL67QSHD8997322242,LR,Mangel & Verheij,,1,Mangel & Verheij
JLFILRTH,NL67QSHD8997322242,LR,Mangel &  Verheij,,1,Mangel & Verheij
JLFILRTH,NL67QSHD8997322242,LR,Mangel & Verheij,,1,Mangel & Verheij
GUODCOHQ,ES1215682574142166737780,CO,da Cruz,,0,da Cruz
GUODCOHQ,ES1215682574142166737780,CO,S.a Cruz,Brazil,0,da Cruz
GUODCOHQ,ES1215682574142166737780,CO,Cruz,Vila Mendes ES Concórdia ES  BR,0,da Cruz
GUODCOHQ,ES1215682574142166737780,CO,Cruz,,0,da Cruz
GUODCOHQ,ES1215682574142166737780,CO,Cruz,,0,da Cruz
JUQZLAMP,GB23ZPEX97102363176057,LA,Rovira y asociados S.Coop.,Paseo Nayara Salazar 49809 Segovia Spain,1,Rovira y asociados S.Coop.
JUQZLAMP,GB23ZPEX97102363176057,LA,Familia Montserrat S.Com.,"Via Joel Planas,773,Teruel 47712",1,Familia Montserrat S.Com.
JUQZLAMP,GB23ZPEX97102363176057,LA,Familia Montserrat S.Com.,Teruel,1,Familia Montserrat S.Com.
UJFLFOFG,FR9577429506327198530847891,FO,Rockwell Automation Nederland,,0,Rockwell Automation Nederland
UJFLFOFG,FR9577429506327198530847891,FO,Rockwell Automation Nederland,Sennweg Uithuizermeeden Uithuizermeeden Netherlands,0,Rockwell Automation Nederland
UJFLFOFG,FR9577429506327198530847891,FO,Rockwell Automation Nederland,Uithuizermeeden,0,Rockwell Automation Nederland
UJFLFOFG,FR9577429506327198530847891,FO,Rockwell Automation Nederland,,0,Rockwell Automation Nederland
UJFLFOFG,FR9577429506327198530847891,FO,Rockwell Automation Nederland,,0,Rockwell Automation Nederland
GMYFIQYK,GB79QNFC12473761156467,IQ,Jones & Terry,Krimpen aan den IJssel NL,1,Jones & Terry
GMYFIQYK,GB79QNFC12473761156467,IQ,Jones & Terry,,1,Jones & Terry
GMYFIQYK,GB79QNFC12473761156467,IQ,Jones &  Terry,,1,Jones & Terry
GMYFIQYK,GB79QNFC12473761156467,IQ,Jones &/Terry,"Kayleeweg 747  2665 RJ,Krimpen aan den IJssel",1,Jones & Terry
GMYFIQYK,GB79QNFC12473761156467,IQ,Stichting Tirie,Bontebok Yinthestraat  Bonebok,1,Stichting Tirie
GMYFIQYK,GB79QNFC12473761156467,IQ,Stichting Tirie,,1,Stichting Tirie
GMYFIQYK,GB79QNFC12473761156467,IQ,Stichting. Tirie,Bontebok Netherlands,1,Stichting Tirie
GMYFIQYK,GB79QNFC12473761156467,IQ,Stichting Tirie  SA,Yinthestraat  BonebokBontebok NL,1,Stichting Tirie
GMYFIQYK,GB79QNFC12473761156467,IQ,Stichting Tirie S.p.A.,,1,Stichting Tirie
GMYFIQYK,GB79QNFC12473761156467,IQ,Stichting Tirie,Bontebok NL,1,Stichting Tirie
GMYFIQYK,GB79QNFC12473761156467,IQ,Stichting Tirie.,,1,Stichting Tirie
CBQLAEKD,GB42TZAZ16896519753721,AE,Barnes-Cook,Brandon Rue Apt. 724  40996 93692/Christinaville United States,0,Barnes-Cook
CBQLAEKD,GB42TZAZ16896519753721,AE,Barnes Cook S.C.,"Brandon Rue Apt. 724  4996 93692 Christinaville NM,US",0,Barnes-Cook
CBQLAEKD,GB42TZAZ16896519753721,AE,Barnes Cook S.C.,"Brandon Rue Apt. 724 40996 93692,Christinaville,Unitd States",0,Barnes-Cook
CBQLAEKD,GB42TZAZ16896519753721,AE,Barnes Cook,,0,Barnes-Cook
CBQLAEKD,GB42TZAZ16896519753721,AE,Barnes Cook,4096 93692  Brandon Rue Apt. 724 Christinaville,0,Barnes-Cook
CBQLAEKD,GB42TZAZ16896519753721,AE,Barnes Cook,Christinaville United States,0,Barnes-Cook
CBQLAEKD,GB42TZAZ16896519753721,AE,Barnes Cook -,Brandon Rue Apt. 724 40996 93692 Christinaville (NM) US,0,Barnes-Cook
QBRTMHJD,IT38O8746052359784743859252,MH,Edelmiro Palomino Canals S.L.L.,Paseo Lola Casanovas 9 Puerta36423 Cuta Spain,0,Edelmiro Palomino Canals S.L.L.
QBRTMHJD,IT38O8746052359784743859252,MH,Edelmiro Palomino Canals S r l,,0,Edelmiro Palomino Canals S.L.L.
HJOPARLE,DE72188963827720219746,AR,Breugelensis BV,"Pimstraat 67 1722WX,Daarlerveen",0,Breugelensis BV
HJOPARLE,DE72188963827720219746,AR,Breugelensis BV,,0,Breugelensis BV
HJOPARLE,DE72188963827720219746,AR,Breugelensis/BV,,0,Breugelensis BV
HJOPARLE,DE72188963827720219746,AR,Breugelensis - BV,,0,Breugelensis BV
HJOPARLE,DE72188963827720219746,AR,Breugelensis BV,Pimstraat/Daarlerveen Daarlerveen Netherlands,0,Breugelensis BV
LQLATTUV,GB04MOEE41435424057695,TT,Monti-Bertolucci e figli,Riva Italia,0,Monti-Bertolucci e figli
LQLATTUV,GB04MOEE41435424057695,TT,Monti Bertolucci/e figli SPA,Riva Italia,0,Monti-Bertolucci e figli
LQLATTUV,GB04MOEE41435424057695,TT,Monti - Bertolucci e figli S.p.A.,Riva,0,Monti-Bertolucci e figli
LQLATTUV,GB04MOEE41435424057695,TT,Monti Bertolucci e/figli S.u.,#  #,0,Monti-Bertolucci e figli
LQLATTUV,GB04MOEE41435424057695,TT,Monti Bertolucci e-figli,Italia,0,Monti-Bertolucci e figli
LQLATTUV,GB04MOEE41435424057695,TT,Monti Bertolucci e figli S.a.,,0,Monti-Bertolucci e figli
LQLATTUV,GB04MOEE41435424057695,TT,Monti Bertolucci/e figli-,,0,Monti-Bertolucci e figli
LQLATTUV,GB04MOEE41435424057695,TT,Monti Bertolucci e figli Società per Azioni,,0,Monti-Bertolucci e figli
ZJCRPAHB,DE10036123358051817326,PA,Howell-Walsh,,0,Howell-Walsh
ZJCRPAHB,DE10036123358051817326,PA,Howell- Walsh S.c,,0,Howell-Walsh
ZJCRPAHB,DE10036123358051817326,PA,Howell Walsh,Fowler track  Mariemouth,0,Howell-Walsh
ZJCRPAHB,DE10036123358051817326,PA,Howell Walsh,,0,Howell-Walsh
ZJCRPAHB,DE10036123358051817326,PA,Howell Walsh  S.u.,,0,Howell-Walsh
ZJCRPAHB,DE10036123358051817326,PA,Howell Walsh S.c,,0,Howell-Walsh
ZJCRPAHB,DE10036123358051817326,PA,Howell Walsh S.C,Fowler track Mariemouth,0,Howell-Walsh
ZJCRPAHB,DE10036123358051817326,PA,Howell Walsh,,0,Howell-Walsh
ZJCRPAHB,DE10036123358051817326,PA,Howell -  Walsh S.c.,Mariemouth,0,Howell-Walsh
WATISNVN,NL11NLQJ6515533540,SN,Horton Ltd,,1,Horton Ltd
WATISNVN,NL11NLQJ6515533540,SN,Horton-Ltd S.c r l,,1,Horton Ltd
WATISNVN,NL11NLQJ6515533540,SN,"Holloway, Powell and Richard",,1,"Holloway, Powell and Richard"
WATISNVN,NL11NLQJ6515533540,SN,"Holloway, Powell",Abert Grove/2758 31984-Port Calvintown/TX/United States,1,"Holloway, Powell and Richard"
WATISNVN,NL11NLQJ6515533540,SN,Spencer LLC,,1,Spencer LLC
WATISNVN,NL11NLQJ6515533540,SN,Spencer - LLC/Ltd,,1,Spencer LLC
VXIRKPPG,GB86LCZK42372488936767,KP,Bastiaense NV,,0,Bastiaense NV
VXIRKPPG,GB86LCZK42372488936767,KP,Bastiaense NV Inds,,0,Bastiaense NV
YCVVJMVI,GB74IUQL76593188618286,JM,Costela Rezende e Filhos,. .,0,Costela Rezende e Filhos
YCVVJMVI,GB74IUQL76593188618286,JM,"Costela,Rezende e Filhos",Trevo Melo  AC/São Paulo-AC Brazil,0,Costela Rezende e Filhos
YWNYJPGU,GB89FQZW40372697251405,JP,Neureuther AG,,1,Neureuther AG
YWNYJPGU,GB89FQZW40372697251405,JP,Biggen,89162-Grlitz,1,Biggen
YWNYJPGU,GB89FQZW40372697251405,JP,Rohleder KG,Stadtsteinach,1,Rohleder KG
YWNYJPGU,GB89FQZW40372697251405,JP,Mielcarek GmbH & Co. OHG,,1,Mielcarek GmbH & Co. OHG
AYVKYEVT,GB85LDDB55262168409007,YE,Brocacef,Kikidreef Matsloot-MatslootNL,1,Brocacef
AYVKYEVT,GB85LDDB55262168409007,YE,Royal Schipper,Roermond,1,Royal Schipper
AYVKYEVT,GB85LDDB55262168409007,YE,Alcatel-Lucent,,1,Alcatel-Lucent
AYVKYEVT,GB85LDDB55262168409007,YE,Alcatel  Lucent-SA,,1,Alcatel-Lucent
AYVKYEVT,GB85LDDB55262168409007,YE,Alcatel-Lucent SAS,,1,Alcatel-Lucent
AYVKYEVT,GB85LDDB55262168409007,YE,Alcatel Lucent SA,,1,Alcatel-Lucent
AYVKYEVT,GB85LDDB55262168409007,YE,Alcatel Lucent,Hendrikbaan Glimmen GlimmenNL,1,Alcatel-Lucent
AYVKYEVT,GB85LDDB55262168409007,YE,Alcatel Lucent,,1,Alcatel-Lucent
AYVKYEVT,GB85LDDB55262168409007,YE,Royal Frerichs,,1,Royal Frerichs
SSILIRKQ,NL81GQAA9539071705,IR,Conradi,Germany,1,Conradi
SSILIRKQ,NL81GQAA9539071705,IR,Conradi SA,,1,Conradi
SSILIRKQ,NL81GQAA9539071705,IR,Conradi S.a.s.,Germany,1,Conradi
SSILIRKQ,NL81GQAA9539071705,IR,Rust AG & Co. OHG,,1,Rust AG & Co. OHG
SSILIRKQ,NL81GQAA9539071705,IR,Rust AG & Comp. OHG,,1,Rust AG & Co. OHG
SSILIRKQ,NL81GQAA9539071705,IR,Rust AG & Co OHG,##,1,Rust AG & Co. OHG
SSILIRKQ,NL81GQAA9539071705,IR,Rust AG,,1,Rust AG & Co. OHG
SSILIRKQ,NL81GQAA9539071705,IR,Rust AG - &,Sigmaringen Germany,1,Rust AG & Co. OHG
SSILIRKQ,NL81GQAA9539071705,IR,Keudel Hiller GmbH & Co. KG,,1,Keudel Hiller GmbH & Co. KG
SSILIRKQ,NL81GQAA9539071705,IR,Keudel Hiller GmbH & Company KG,,1,Keudel Hiller GmbH & Co. KG
ZIBVIEPM,DE29638709311340980593,IE,Veltroni Group,Italia,0,Veltroni Group
ZIBVIEPM,DE29638709311340980593,IE,Veltroni Gp. L.t.d.,,0,Veltroni Group
MJOSDKN2,DE48849747116587531541,DK,Zaccardo s.r.l.,,0,Zaccardo s.r.l.
MJOSDKN2,DE48849747116587531541,DK,Zaccardo S.R.L.,,0,Zaccardo s.r.l.
MJOSDKN2,DE48849747116587531541,DK,Zaccardo,Via GiampaoloSigillo Itaia,0,Zaccardo s.r.l.
MJOSDKN2,DE48849747116587531541,DK,Zaccardo S.r.L,Via GiampaoloSigillo  PG IT,0,Zaccardo s.r.l.
MJOSDKN2,DE48849747116587531541,DK,Zaccardo,,0,Zaccardo s.r.l.
MJOSDKN2,DE48849747116587531541,DK,Zaccardo  SRL,Sigillo Italia,0,Zaccardo s.r.l.
MJOSDKN2,DE48849747116587531541,DK,Zaccardo,,0,Zaccardo s.r.l.
MJOSDKN2,DE48849747116587531541,DK,Zaccardo,,0,Zaccardo s.r.l.
IQHAPTWL,DE30807549097470428053,PT,Hartung AG & Co. KGaA,Osterode am Harz/Tamara-Gunpf-Gasse-Osterode am Harz,0,Hartung AG & Co. KGaA
IQHAPTWL,DE30807549097470428053,PT,Hartung AG Company KGaA,Osterode am Harz,0,Hartung AG & Co. KGaA
IQHAPTWL,DE30807549097470428053,PT,Hartung AG & Company KGaA,Osterode am Harz DE,0,Hartung AG & Co. KGaA
IQHAPTWL,DE30807549097470428053,PT,Hartung.AG,Osterode am Harz DE,0,Hartung AG & Co. KGaA
IQHAPTWL,DE30807549097470428053,PT,Hartung AG- & Co. KGaA,ermany,0,Hartung AG & Co. KGaA
IQHAPTWL,DE30807549097470428053,PT,Hartung AG - & Co KGaA,,0,Hartung AG & Co. KGaA
IQHAPTWL,DE30807549097470428053,PT,Hartung AG  & Co KGaA,,0,Hartung AG & Co. KGaA
DZDAGWND,FR6333659484146020481723108,GW,Grupo Alberdi S.Coop.,,1,Grupo Alberdi S.Coop.
DZDAGWND,FR6333659484146020481723108,GW,Grupo Alberdi,,1,Grupo Alberdi S.Coop.
DZDAGWND,FR6333659484146020481723108,GW,Promociones Soler y asociados S.L.,Spin,1,Promociones Soler y asociados S.L.
DZDAGWND,FR6333659484146020481723108,GW,Industrias del Levante S.L.N.E,"Callejón Albina Tormo,29,Burgos 44658",1,Industrias del Levante S.L.N.E
UFWRMERC,IT62R2587117848186675554006,ME,Ajello-Chechi e figli,Monte San Giovanni Campano IT,0,Ajello-Chechi e figli
UFWRMERC,IT62R2587117848186675554006,ME,Ajello Chechi .e figli,,0,Ajello-Chechi e figli
UFWRMERC,IT62R2587117848186675554006,ME,Ajello Chechi e figli,,0,Ajello-Chechi e figli
UFWRMERC,IT62R2587117848186675554006,ME,Ajello Chechi e figli,Monte San Giovanni Campano,0,Ajello-Chechi e figli
UFWRMERC,IT62R2587117848186675554006,ME,Ajello Chechi e figli,Contrada Bosurgi-Piano 8  Monte San Giovanni Campano FR IT,0,Ajello-Chechi e figli
UFWRMERC,IT62R2587117848186675554006,ME,Ajello  Chechi e figli,Monte San Giovanni Campano IT,0,Ajello-Chechi e figli
UFWRMERC,IT62R2587117848186675554006,ME,Ajello Chechi e- figli,,0,Ajello-Chechi e figli
UFWRMERC,IT62R2587117848186675554006,ME,Ajello Chechi e figli,Piano 8 Cotrada Bosurgi Monte San Giovanni Campano,0,Ajello-Chechi e figli
UFWRMERC,IT62R2587117848186675554006,ME,Ajello Chechi e figli,Contrada Bosurgi/Piano 8 Monte San Giovanni Campano/(FR) Itaia,0,Ajello-Chechi e figli
AFQGAUPL,GB62WXAQ63927976852320,AU,Collin,## #,0,Collin
AFQGAUPL,GB62WXAQ63927976852320,AU,"Collin,Gp.",,0,Collin
AFQGAUPL,GB62WXAQ63927976852320,AU,Collin. Group,,0,Collin
AFQGAUPL,GB62WXAQ63927976852320,AU,Collin Grp,avenue Meunier 77 Saint Joseph Saint Joseph France,0,Collin
AFQGAUPL,GB62WXAQ63927976852320,AU,Collin Group,Saint Joseph FR,0,Collin
AFQGAUPL,GB62WXAQ63927976852320,AU,Collin Grp,,0,Collin
IYKRMCIX,GB25UJMY28364222935685,MC,Hein KG,,1,Hein KG
IYKRMCIX,GB25UJMY28364222935685,MC,Hein KG,,1,Hein KG
IYKRMCIX,GB25UJMY28364222935685,MC,Hein KG Global,,1,Hein KG
IYKRMCIX,GB25UJMY28364222935685,MC,Hein KG,,1,Hein KG
IYKRMCIX,GB25UJMY28364222935685,MC,Hein KG,Darmstadt,1,Hein KG
IYKRMCIX,GB25UJMY28364222935685,MC,Rogner KG,Beilngries Germany,1,Rogner KG
IYKRMCIX,GB25UJMY28364222935685,MC,Pohl Schmiedt OHG mbH,,1,Pohl Schmiedt OHG mbH
IYKRMCIX,GB25UJMY28364222935685,MC,Pohl Schmiedt OHG mbH,,1,Pohl Schmiedt OHG mbH
IYKRMCIX,GB25UJMY28364222935685,MC,Pohl Schmiedt - mbH,,1,Pohl Schmiedt OHG mbH
IYKRMCIX,GB25UJMY28364222935685,MC,Pohl Schmiedt OHG mbH,Germany,1,Pohl Schmiedt OHG mbH
IYKRMCIX,GB25UJMY28364222935685,MC,Pohl Schmiedt OHG mbH,,1,Pohl Schmiedt OHG mbH
DBMMKMA0,DE31117795299635510443,KM,Sharp LLC,,0,Sharp LLC
DBMMKMA0,DE31117795299635510443,KM,Sharp  PLCC,,0,Sharp LLC
DBMMKMA0,DE31117795299635510443,KM,Sharp,,0,Sharp LLC
DBMMKMA0,DE31117795299635510443,KM,"Sharp,PLCC",,0,Sharp LLC
DBMMKMA0,DE31117795299635510443,KM,Sharp.,,0,Sharp LLC
DBMMKMA0,DE31117795299635510443,KM,Sharp PLCC,,0,Sharp LLC
DBMMKMA0,DE31117795299635510443,KM,Sharp,Reece forges6/Rosemaryburgh-United Kingdm,0,Sharp LLC
ZFORGYJU,DE29299066448082687896,GY,"Ramos, Gray and Stanton",Morales Row 767 01669/West Emilyville-United States,0,"Ramos, Gray and Stanton"
ZFORGYJU,DE29299066448082687896,GY,"Ramos, Gray Inds Stanton",,0,"Ramos, Gray and Stanton"
ZFORGYJU,DE29299066448082687896,GY,"Ramos, Gray Inds. Stanton",,0,"Ramos, Gray and Stanton"
ZFORGYJU,DE29299066448082687896,GY,"Ramos, Gray-",,0,"Ramos, Gray and Stanton"
ZFORGYJU,DE29299066448082687896,GY,"Ramos, Gray Industries Stanton",,0,"Ramos, Gray and Stanton"
ZFORGYJU,DE29299066448082687896,GY,"Ramos, Gray Stanton",,0,"Ramos, Gray and Stanton"
ZFORGYJU,DE29299066448082687896,GY,"Ramos, Gray Ind. Stanton","Morales Row,767 01669 West Emilyville/ND United States",0,"Ramos, Gray and Stanton"
ZFORGYJU,DE29299066448082687896,GY,"Ramos, Gray Inds Stanton",United States,0,"Ramos, Gray and Stanton"
ZFORGYJU,DE29299066448082687896,GY,"Ramos, Gray/",,0,"Ramos, Gray and Stanton"
QOZEGTQI,GB80VZRP97339489242325,GT,de Lange & Pison,,0,de Lange & Pison
QOZEGTQI,GB80VZRP97339489242325,GT,de Lange.&. Pison,,0,de Lange & Pison
QOZEGTQI,GB80VZRP97339489242325,GT,"de,Lange- Pison",,0,de Lange & Pison
QOZEGTQI,GB80VZRP97339489242325,GT,de - Lange - &.Pison,,0,de Lange & Pison
QOZEGTQI,GB80VZRP97339489242325,GT,de .Lange-  Pison,9440 KT Sint Hubert,0,de Lange & Pison
QOZEGTQI,GB80VZRP97339489242325,GT,de Lange/&-Pison,,0,de Lange & Pison
QOZEGTQI,GB80VZRP97339489242325,GT,de Lange.& Pison,// /,0,de Lange & Pison
QOZEGTQI,GB80VZRP97339489242325,GT,"de- Lange &,Pison",,0,de Lange & Pison
QOZEGTQI,GB80VZRP97339489242325,GT,de/Lange-Pison,,0,de Lange & Pison
QOZEGTQI,GB80VZRP97339489242325,GT,de Lange .& Pison,,0,de Lange & Pison
QOZEGTQI,GB80VZRP97339489242325,GT,de .Lange & Pison,Netherlands,0,de Lange & Pison
UGAXBIDE,IT94D1550719038072591350862,BI,van der Horst & Timmermans,Merijnsteeg  Zwaagdijk-Wes  Zwaagdijk-West NL,0,van der Horst & Timmermans
UGAXBIDE,IT94D1550719038072591350862,BI,van der Horst & Timmermans,,0,van der Horst & Timmermans
UGAXBIDE,IT94D1550719038072591350862,BI,van der & Timmermans,,0,van der Horst & Timmermans
UGAXBIDE,IT94D1550719038072591350862,BI,van der Horst & Timmermans,Netherlands,0,van der Horst & Timmermans
UGAXBIDE,IT94D1550719038072591350862,BI,van der Horst & Timmermans,"Merijnsteeg,Zwaagdijk-West Zwaagdijk-West  Netherlands",0,van der Horst & Timmermans
FLBWKIGA,NL11CMBR4688046088,KI,NFI,5888 FHAalst,1,NFI
FLBWKIGA,NL11CMBR4688046088,KI,Tillmanno & van der Heiden,"Puckpad,Lunteren Lunteren  NL",1,Tillmanno & van der Heiden
FLBWKIGA,NL11CMBR4688046088,KI,Schuurmans NV,,1,Schuurmans NV
QFCKUMPX,GB48EGXU37317624393127,UM,François et Fils,,1,François et Fils
QFCKUMPX,GB48EGXU37317624393127,UM,Gomes Thibault S.A.S.,,1,Gomes Thibault S.A.S.
QFCKUMPX,GB48EGXU37317624393127,UM,Petitjean,,1,Petitjean
QPUHAEQU,IT42Y8330074164616509949433,AE,Royal Boudewijns,,0,Royal Boudewijns
QPUHAEQU,IT42Y8330074164616509949433,AE,Royal Boudewijns,,0,Royal Boudewijns
GTYEIRZS,ES0288350128595606808351,IR,Whitaker Ltd,Henry Land Apt. 829  087 44064  Pattersonside (CT)US,0,Whitaker Ltd
GTYEIRZS,ES0288350128595606808351,IR,Whitaker,,0,Whitaker Ltd
GTYEIRZS,ES0288350128595606808351,IR,Whitaker Ltd,Henry Land Apt. 829 087 44064  Pattersonside United States,0,Whitaker Ltd
GTYEIRZS,ES0288350128595606808351,IR,Whitaker- Limited,,0,Whitaker Ltd
GTYEIRZS,ES0288350128595606808351,IR,Whitaker Ltd.,"Henry Land Apt. 829 087 44064,Pattersonide-CT/US",0,Whitaker Ltd
GTYEIRZS,ES0288350128595606808351,IR,Whitaker LTD,,0,Whitaker Ltd
GTYEIRZS,ES0288350128595606808351,IR,Whitaker- Ltd,,0,Whitaker Ltd
GTYEIRZS,ES0288350128595606808351,IR,Whitaker,,0,Whitaker Ltd
XELSMHD0,FR8226938338115043442676613,MH,Fabre,,0,Fabre
XELSMHD0,FR8226938338115043442676613,MH,Fabre Enterprises,"rue de Delahaye26 Sainte Édouard,Sainte ÉdouardFrance",0,Fabre
XELSMHD0,FR8226938338115043442676613,MH,Fabre Enterprises,##  ##,0,Fabre
XELSMHD0,FR8226938338115043442676613,MH,Fabre Enterprises,,0,Fabre
XELSMHD0,FR8226938338115043442676613,MH,Fabre Enterprises,26 rue de Delahaye 31309/Sainte Édouard,0,Fabre
XELSMHD0,FR8226938338115043442676613,MH,Fabre Ents.,,0,Fabre
XELSMHD0,FR8226938338115043442676613,MH,Fabre Enterprises,,0,Fabre
XELSMHD0,FR8226938338115043442676613,MH,Fabre/Ent,France,0,Fabre
XELSMHD0,FR8226938338115043442676613,MH,Fabre Enterprises,,0,Fabre
XELSMHD0,FR8226938338115043442676613,MH,Fabre  Ent,,0,Fabre
GXQPZWBR,NL17BXOJ9112483503,ZW,Llorens y asociados S.L.N.E,,0,Llorens y asociados S.L.N.E
GXQPZWBR,NL17BXOJ9112483503,ZW,Llorens y  asociados S.L.N.E,Salamanca,0,Llorens y asociados S.L.N.E
GXQPZWBR,NL17BXOJ9112483503,ZW,Llorens y  asociados S.L.N.E,Salamanca Spain,0,Llorens y asociados S.L.N.E
GXQPZWBR,NL17BXOJ9112483503,ZW,Llorens y asociados S.L.N.E,,0,Llorens y asociados S.L.N.E
GXQPZWBR,NL17BXOJ9112483503,ZW,Llorens y asociados S.L.N.E,,0,Llorens y asociados S.L.N.E
GXQPZWBR,NL17BXOJ9112483503,ZW,Llorens y  asociados.S.L.N.E,,0,Llorens y asociados S.L.N.E
GXQPZWBR,NL17BXOJ9112483503,ZW,Llorens y S.L.N.E,,0,Llorens y asociados S.L.N.E
RKEQMQQA,IT11N6016016484883213145837,MQ,Russell-Stuart,,1,Russell-Stuart
RKEQMQQA,IT11N6016016484883213145837,MQ,Moore-Davis,,1,Moore-Davis
RKEQMQQA,IT11N6016016484883213145837,MQ,"Johnson, Robertson and Savage",United States,1,"Johnson, Robertson and Savage"
VVCUCGCH,GB65YSPY72569285851714,CG,Duarte Campos S/A,Marieta 3ª Seção Brazil,0,Duarte Campos S/A
VVCUCGCH,GB65YSPY72569285851714,CG,Duarte Campos,Quadra Rocha TO Marieta 3ª Seção TO-BR,0,Duarte Campos S/A
VVCUCGCH,GB65YSPY72569285851714,CG,Duarte Campos,,0,Duarte Campos S/A
VVCUCGCH,GB65YSPY72569285851714,CG,Duarte Campos SA,,0,Duarte Campos S/A
VVCUCGCH,GB65YSPY72569285851714,CG,Duarte/Campos SPA,,0,Duarte Campos S/A
VVCUCGCH,GB65YSPY72569285851714,CG,Duarte Campos .SA,,0,Duarte Campos S/A
VVCUCGCH,GB65YSPY72569285851714,CG,Duarte- Campos SPA,,0,Duarte Campos S/A
VVCUCGCH,GB65YSPY72569285851714,CG,Duarte Campos,,0,Duarte Campos S/A
VVCUCGCH,GB65YSPY72569285851714,CG,Duarte Campos S.P.A,Quadra Rocha 22  Marieta 3ª Seção 4876315 Rocha TO,0,Duarte Campos S/A
VVCUCGCH,GB65YSPY72569285851714,CG,Duarte Campos SPA,Quadra Rocha 22 Marieta 3ª Seção/54876315 Rocha TO,0,Duarte Campos S/A
HLFPMNFO,FR0516492954254821407570435,MN,Crescencia Cadenas Peralta S.L.,,0,Crescencia Cadenas Peralta S.L.
HLFPMNFO,FR0516492954254821407570435,MN,"Crescencia Cadenas,Peralta .S.C",45608 Avenida de Carmen Montaña 823 Piso Astuias,0,Crescencia Cadenas Peralta S.L.
HLFPMNFO,FR0516492954254821407570435,MN,Crescencia Cadenas Peralta SA,,0,Crescencia Cadenas Peralta S.L.
HLFPMNFO,FR0516492954254821407570435,MN,Crescencia Cadenas Peralta,,0,Crescencia Cadenas Peralta S.L.
HLFPMNFO,FR0516492954254821407570435,MN,Crescencia Cadenas Peralta,Avenida de Carmen Montaña 823 Piso/45608 Asturias/ES,0,Crescencia Cadenas Peralta S.L.
HLFPMNFO,FR0516492954254821407570435,MN,Crescencia Cadenas Peralta,,0,Crescencia Cadenas Peralta S.L.
HLFPMNFO,FR0516492954254821407570435,MN,Crescencia Cadenas Peralta S.U.,Asturias Spain,0,Crescencia Cadenas Peralta S.L.
HLFPMNFO,FR0516492954254821407570435,MN,Crescencia  Cadenas Peralta S.U.,,0,Crescencia Cadenas Peralta S.L.
HLFPMNFO,FR0516492954254821407570435,MN,Crescencia/Cadenas Peralta SC,,0,Crescencia Cadenas Peralta S.L.
HLFPMNFO,FR0516492954254821407570435,MN,Crescencia.Cadenas  Peralta,,0,Crescencia Cadenas Peralta S.L.
HLFPMNFO,FR0516492954254821407570435,MN,Crescencia Cadenas Peralta,Avenida de Carmen Montaña 823 Piso  45608 AsturiasSpin,0,Crescencia Cadenas Peralta S.L.
EFVSBWUA,GB40JYWP28601759611968,BW,Lecomte,,1,Lecomte
EFVSBWUA,GB40JYWP28601759611968,BW,Lecomte Glob.,,1,Lecomte
EFVSBWUA,GB40JYWP28601759611968,BW,Vasseur SA,,1,Vasseur SA
TXEEZWEP,FR8884127502309934860500050,ZW,"Wall, Shaw and Fleming",,1,"Wall, Shaw and Fleming"
TXEEZWEP,FR8884127502309934860500050,ZW,"Davies, Watson and Hayes",,1,"Davies, Watson and Hayes"
CCFZSXOU,FR2473073946630164380603575,SX,Villaverde & Asociados S.A.,,0,Villaverde & Asociados S.A.
CCFZSXOU,FR2473073946630164380603575,SX,Villaverde &,,0,Villaverde & Asociados S.A.
CCFZSXOU,FR2473073946630164380603575,SX,Villaverde & .Asociados S.C.,,0,Villaverde & Asociados S.A.
CCFZSXOU,FR2473073946630164380603575,SX,Villaverde &,"Cuesta de Danilo Nebot 14769 Teruel,Spain",0,Villaverde & Asociados S.A.
CCFZSXOU,FR2473073946630164380603575,SX,Villaverde .& Asociados,Teruel,0,Villaverde & Asociados S.A.
CCFZSXOU,FR2473073946630164380603575,SX,Villaverde & Asociados SA,,0,Villaverde & Asociados S.A.
CCFZSXOU,FR2473073946630164380603575,SX,Villaverde & Asociados S.U.,Teruel Spain,0,Villaverde & Asociados S.A.
CCFZSXOU,FR2473073946630164380603575,SX,Villaverde &  Asociados S.a.,,0,Villaverde & Asociados S.A.
CCFZSXOU,FR2473073946630164380603575,SX,Villaverde & Asociados S.a.,,0,Villaverde & Asociados S.A.
CCFZSXOU,FR2473073946630164380603575,SX,Villaverde & Asociados S.U.,,0,Villaverde & Asociados S.A.
MFXPMZYN,DE69544069622157296744,MZ,da Cunha Novaes e Filhos,Praia de DiasSC Túnel De Ibirité SC-BR,1,da Cunha Novaes e Filhos
MFXPMZYN,DE69544069622157296744,MZ,Pinto,RO/Campo de Novaes  Ipiranga,1,Pinto
FRLZGHLS,ES9610872875595391632854,GH,Richards-Gould,,1,Richards-Gould
FRLZGHLS,ES9610872875595391632854,GH,Johnson Inc,,1,Johnson Inc
SNKOTZOV,GB45YGHW77333235343724,TZ,Dura Vermeer,,1,Dura Vermeer
SNKOTZOV,GB45YGHW77333235343724,TZ,Dura Vermeer Group,,1,Dura Vermeer
SNKOTZOV,GB45YGHW77333235343724,TZ,Dura Vermeer,,1,Dura Vermeer
SNKOTZOV,GB45YGHW77333235343724,TZ,Dura Vermeer Group,,1,Dura Vermeer
SNKOTZOV,GB45YGHW77333235343724,TZ,Dura Vermeer Gp.,,1,Dura Vermeer
SNKOTZOV,GB45YGHW77333235343724,TZ,Dura Vermeer,Aalsmeerderbrug Netherlands,1,Dura Vermeer
SNKOTZOV,GB45YGHW77333235343724,TZ,Dura. Vermeer,,1,Dura Vermeer
SNKOTZOV,GB45YGHW77333235343724,TZ,van Hemert NV,Radewijk-Benthehof  Radwijk,1,van Hemert NV
SNKOTZOV,GB45YGHW77333235343724,TZ,van - Hemert NV,,1,van Hemert NV
IVBQTNWZ,FR3799745153763471959778747,TN,Gonçalves,,0,Gonçalves
IVBQTNWZ,FR3799745153763471959778747,TN,Gonçalves,PR  Prque de Barbosa  Europa,0,Gonçalves
ACOOLST2,GB14FYRH40284537554653,LS,Rhodes-Hardy,,0,Rhodes-Hardy
ACOOLST2,GB14FYRH40284537554653,LS,Rhodes  Hardy,Port Ana United States,0,Rhodes-Hardy
ACOOLST2,GB14FYRH40284537554653,LS,Rhodes  Hardy-Group,,0,Rhodes-Hardy
ACOOLST2,GB14FYRH40284537554653,LS,Rhodes Hardy.  Grp.,"75348,Port Ana",0,Rhodes-Hardy
ACOOLST2,GB14FYRH40284537554653,LS,Rhodes Hardy,,0,Rhodes-Hardy
ACOOLST2,GB14FYRH40284537554653,LS,Rhodes Hardy Group,75348/Port Ana,0,Rhodes-Hardy
ACOOLST2,GB14FYRH40284537554653,LS,Rhodes Hardy,Sherry Island-255 75348 Port Aa GU  United States,0,Rhodes-Hardy
JSYPCDAY,ES0709816704090467605734,CD,van Velthoven NV,,1,van Velthoven NV
JSYPCDAY,ES0709816704090467605734,CD,Binck bank,Svenbaan 8 8782JZOnna,1,Binck bank
JSYPCDAY,ES0709816704090467605734,CD,Woonzorg Nederland,,1,Woonzorg Nederland
JSYPCDAY,ES0709816704090467605734,CD,Woonzorg Nederland S.a.p.a.,2705JJ Breda,1,Woonzorg Nederland
JSYPCDAY,ES0709816704090467605734,CD,Woonzorg Nederland -,"Loekpad  Brda  Breda,Netherlands",1,Woonzorg Nederland
JSYPCDAY,ES0709816704090467605734,CD,Woonzorg Nederland S.p.A.,2705JJ Brda,1,Woonzorg Nederland
JSYPCDAY,ES0709816704090467605734,CD,Woonzorg Nederland SA,X,1,Woonzorg Nederland
JSYPCDAY,ES0709816704090467605734,CD,Woonzorg Nederland S.p.A.,##  # #,1,Woonzorg Nederland
JSYPCDAY,ES0709816704090467605734,CD,Koninklijke Fredriks,Westkapelle N,1,Koninklijke Fredriks
LJCIPYUT,GB52FSBR33314910082795,PY,Oliveira,"Viela Ana Clara Santos,ES/Comiteco  (ES) Brazil",1,Oliveira
LJCIPYUT,GB52FSBR33314910082795,PY,Oliveira Glob.,omiteco BR,1,Oliveira
LJCIPYUT,GB52FSBR33314910082795,PY,Oliveira,,1,Oliveira
LJCIPYUT,GB52FSBR33314910082795,PY,Souza Ltda.,,1,Souza Ltda.
LJCIPYUT,GB52FSBR33314910082795,PY,Viana,,1,Viana
XSHAMHL1,DE43210451664737721575,MH,Catalano-Camilleri Group,,0,Catalano-Camilleri Group
XSHAMHL1,DE43210451664737721575,MH,Catalano Camilleri Group,Sorbolo Italia,0,Catalano-Camilleri Group
XSHAMHL1,DE43210451664737721575,MH,Catalano Camilleri Group,- --,0,Catalano-Camilleri Group
XSHAMHL1,DE43210451664737721575,MH,Catalano/Camilleri Group,43058  Sorbolo,0,Catalano-Camilleri Group
XSHAMHL1,DE43210451664737721575,MH,Catalano.Camilleri Group,Canale Nolcini Sorbolo Italia,0,Catalano-Camilleri Group
XSHAMHL1,DE43210451664737721575,MH,Catalano Camilleri Group,,0,Catalano-Camilleri Group
XSHAMHL1,DE43210451664737721575,MH,Catalano Camilleri Group,Canale Nolcini68  43058-Sorbolo-PR,0,Catalano-Camilleri Group
XSHAMHL1,DE43210451664737721575,MH,Catalano Camilleri Group,Italia,0,Catalano-Camilleri Group
AHKQGNE1,IT60E5335773315425486146568,GN,Wernecke AG & Co. KGaA,Sölzerallee 11 03173/Schleiz,0,Wernecke AG & Co. KGaA
AHKQGNE1,IT60E5335773315425486146568,GN,Wernecke AG &,Schleiz Germany,0,Wernecke AG & Co. KGaA
AHKQGNE1,IT60E5335773315425486146568,GN,Wernecke AG & Comp. KGaA,,0,Wernecke AG & Co. KGaA
AHKQGNE1,IT60E5335773315425486146568,GN,Wernecke AG & Comp. KGaA,,0,Wernecke AG & Co. KGaA
AHKQGNE1,IT60E5335773315425486146568,GN,Wernecke AG & Comp. KGaA,,0,Wernecke AG & Co. KGaA
IJLQBGRM,IT13H1485863715503262949582,BG,Broschi-Zabarella Group,,0,Broschi-Zabarella Group
IJLQBGRM,IT13H1485863715503262949582,BG,Broschi Zabarella - Group,Appartamento 3  Viale Botta Asciano,0,Broschi-Zabarella Group
KRYYKGCY,ES2276918046391308049667,KG,da Luz,"Aeroporto Alves  AL,Santo André AL BR",0,da Luz
KRYYKGCY,ES2276918046391308049667,KG,da Luz,,0,da Luz
RVOKPSUJ,DE59837990369665653749,PS,Marquez Inc,"Whitney Camp Apt. 10-213 17890,Mooresie(GA)-US",1,Marquez Inc
RVOKPSUJ,DE59837990369665653749,PS,Marquez Inc  S.a.p.a,Whitney Camp Apt. 107  213 17890 Mooreside  (GA)-US,1,Marquez Inc
RVOKPSUJ,DE59837990369665653749,PS,Marquez Inc,,1,Marquez Inc
RVOKPSUJ,DE59837990369665653749,PS,Page-Price,"93154 02664 Erika Meadows Suite 152,South Emma",1,Page-Price
ZVTRLAPT,GB11QHPQ07106969724538,LA,Koninklijke Hoekstra,Oud Gastel NL,0,Koninklijke Hoekstra
ZVTRLAPT,GB11QHPQ07106969724538,LA,Koninklijke Hoekstra,,0,Koninklijke Hoekstra
ZVTRLAPT,GB11QHPQ07106969724538,LA,Koninklijke Hoekstra,Oud Gastel,0,Koninklijke Hoekstra
VWIDCKKI,GB70JOTQ75366677841562,CK,Bradford Group,North Gregory US,0,Bradford Group
VWIDCKKI,GB70JOTQ75366677841562,CK,Bradford Group Glob,Bianca Route58826 12914 Noth Gregory KY US,0,Bradford Group
VWIDCKKI,GB70JOTQ75366677841562,CK,Bradford Group,,0,Bradford Group
VWIDCKKI,GB70JOTQ75366677841562,CK,Bradford- Gp. Glb.,,0,Bradford Group
VWIDCKKI,GB70JOTQ75366677841562,CK,Bradford Gp.  Glb.,58826 Bianca RouteNorth Gregory KY  12914,0,Bradford Group
DYDRNCDR,IT08H1190859030571198468028,NC,Moore and Sons,90427-Lake Troy,0,Moore and Sons
DYDRNCDR,IT08H1190859030571198468028,NC,Moore,/ /  //,0,Moore and Sons
NPLDMOYY,GB79YUUG26544528402802,MO,Farias,PB/Ladeira e da Paz  Santa Lúcia,0,Farias
NPLDMOYY,GB79YUUG26544528402802,MO,Far - as,Ladeirade da Paz  PB  Santa Lúcia-Brazil,0,Farias
NPLDMOYY,GB79YUUG26544528402802,MO,Fari- s,Brazil,0,Farias
GHRXMAZW,ES2213046663119320417423,MA,Grossi-Mazzanti s.r.l.,,1,Grossi-Mazzanti s.r.l.
GHRXMAZW,ES2213046663119320417423,MA,Gagliano Group,,1,Gagliano Group
GHRXMAZW,ES2213046663119320417423,MA,Gagliano Group S.a.p.a.,,1,Gagliano Group
GHRXMAZW,ES2213046663119320417423,MA,Gagliano Group S.A.P.A,&,1,Gagliano Group
GHRXMAZW,ES2213046663119320417423,MA,Gagliano Grp.S.A.P.A.,,1,Gagliano Group
GHRXMAZW,ES2213046663119320417423,MA,Gagliano Group,Borgo Rodolfo Sciara  PA IT,1,Gagliano Group
GHRXMAZW,ES2213046663119320417423,MA,Gagliano Group. SAPA,,1,Gagliano Group
GHRXMAZW,ES2213046663119320417423,MA,Gagliano Group,,1,Gagliano Group
GHRXMAZW,ES2213046663119320417423,MA,"Nitto, Farina e Ossola s.r.l.",,1,"Nitto, Farina e Ossola s.r.l."
ABECTHDW,IT30U8393170497409665693101,TH,Sobrino y asociados S.L.,"Ronda Esperanza Barco 22196,Melilla,Spain",0,Sobrino y asociados S.L.
ABECTHDW,IT30U8393170497409665693101,TH,Sobrino y/S.C.,,0,Sobrino y asociados S.L.
ABECTHDW,IT30U8393170497409665693101,TH,Sobrino y asociados S.C,"22196,Ronda Esperanza Barco,Melilla",0,Sobrino y asociados S.L.
ABECTHDW,IT30U8393170497409665693101,TH,Sobrino y asociados S.U.,,0,Sobrino y asociados S.L.
ABECTHDW,IT30U8393170497409665693101,TH,Sobrino y  asociados SC,Ronda Esperanza Barco-22196 Melilla pain,0,Sobrino y asociados S.L.
ABECTHDW,IT30U8393170497409665693101,TH,Sobrino y asociados SA,,0,Sobrino y asociados S.L.
ABECTHDW,IT30U8393170497409665693101,TH,Sobrino y asociados,onda Esperanza Barco-55  Melilla 22196,0,Sobrino y asociados S.L.
ABECTHDW,IT30U8393170497409665693101,TH,Sobrino y.asociados SA,Melilla ES,0,Sobrino y asociados S.L.
ABECTHDW,IT30U8393170497409665693101,TH,Sobrino y asociados,,0,Sobrino y asociados S.L.
ABECTHDW,IT30U8393170497409665693101,TH,Sobrino y,,0,Sobrino y asociados S.L.
HZIJKILJ,GB89PDHA25226688283351,KI,Bigot,,1,Bigot
HZIJKILJ,GB89PDHA25226688283351,KI,Bigot S.U.,rue Joseph Chrétien29924 Saint Gérard,1,Bigot
HZIJKILJ,GB89PDHA25226688283351,KI,Briand S.A.S.,chemin Jacques Noël/59 Pelletiernec Pelleternec Frnce,1,Briand S.A.S.
HZIJKILJ,GB89PDHA25226688283351,KI,Briand - S.A.S. SAPA,,1,Briand S.A.S.
HZIJKILJ,GB89PDHA25226688283351,KI,Lefebvre,avenue de Robin  561 Fleurydan Fleurydan France,1,Lefebvre
APAOEGHW,GB16BARP77953523946884,EG,Lijn BV,Waaksens Netherlands,0,Lijn BV
APAOEGHW,GB16BARP77953523946884,EG,Lijn BV SAS,,0,Lijn BV
LPQTKGKC,GB31LRHV98198177491307,KG,"Martin, Lopez and Brown",,1,"Martin, Lopez and Brown"
LPQTKGKC,GB31LRHV98198177491307,KG,Romero Ltd,*  *  * *,1,Romero Ltd
LPQTKGKC,GB31LRHV98198177491307,KG,Stark and Sons,,1,Stark and Sons
LPQTKGKC,GB31LRHV98198177491307,KG,Stark Industries Sons,,1,Stark and Sons
LPQTKGKC,GB31LRHV98198177491307,KG,Stark Industries Sons,United States,1,Stark and Sons
LPQTKGKC,GB31LRHV98198177491307,KG,Stark,,1,Stark and Sons
LPQTKGKC,GB31LRHV98198177491307,KG,Stark Inds. Sons,,1,Stark and Sons
LPQTKGKC,GB31LRHV98198177491307,KG,Stark Inds. Sons,74593 Wilson Port Apt. 029 Rebeccamouth NH 04049,1,Stark and Sons
LPQTKGKC,GB31LRHV98198177491307,KG,Barnes and Sons,East Steven United States,1,Barnes and Sons
QXQOADAP,FR9490830038051061630591325,AD,"Bryant, Meyer and Cruz","Taylor Avenue 777 33384,East Brianmouth(MD) US",1,"Bryant, Meyer and Cruz"
QXQOADAP,FR9490830038051061630591325,AD,Wright PLC,,1,Wright PLC
QXQOADAP,FR9490830038051061630591325,AD,Wright,__  __,1,Wright PLC
QXQOADAP,FR9490830038051061630591325,AD,Wright,,1,Wright PLC
QXQOADAP,FR9490830038051061630591325,AD,Wright PLC,,1,Wright PLC
QXQOADAP,FR9490830038051061630591325,AD,Wright PLC   Global,,1,Wright PLC
MDAJNEH1,ES1550576396959332652777,NE,Soluciones Agustín & Asociados S.Coop.,,0,Soluciones Agustín & Asociados S.Coop.
MDAJNEH1,ES1550576396959332652777,NE,Soluciones Agustín- & Asociados S.Coop.,,0,Soluciones Agustín & Asociados S.Coop.
MDAJNEH1,ES1550576396959332652777,NE,Soluciones Agustín & Asociados S.Coop.,Spain,0,Soluciones Agustín & Asociados S.Coop.
MDAJNEH1,ES1550576396959332652777,NE,Soluciones Agustín Asociados S.Coop.,,0,Soluciones Agustín & Asociados S.Coop.
MDAJNEH1,ES1550576396959332652777,NE,Soluciones Agustín & Asociados S.Coop.,38692-Lugo,0,Soluciones Agustín & Asociados S.Coop.
MDAJNEH1,ES1550576396959332652777,NE,Soluciones Agustín & Asociados S.Coop.,Lugo S,0,Soluciones Agustín & Asociados S.Coop.
MDAJNEH1,ES1550576396959332652777,NE,Soluciones Agustín  & Asociados S.Coop.,,0,Soluciones Agustín & Asociados S.Coop.
MDAJNEH1,ES1550576396959332652777,NE,Soluciones Agustín .& Asociados S.Coop.,Spain,0,Soluciones Agustín & Asociados S.Coop.
MDAJNEH1,ES1550576396959332652777,NE,Soluciones  Agustín Asociados S.Coop.,38692Lugo,0,Soluciones Agustín & Asociados S.Coop.
SKYHNAI1,IT36A0477347624271776534707,NA,Cavalcanti s.r.l.,,1,Cavalcanti s.r.l.
SKYHNAI1,IT36A0477347624271776534707,NA,Schiavo-Blasi s.r.l.,,1,Schiavo-Blasi s.r.l.
SKYHNAI1,IT36A0477347624271776534707,NA,Vendetti SPA,Piazza Lisa  Valguarnera Caropepe,1,Vendetti SPA
SKYHNAI1,IT36A0477347624271776534707,NA,Vendetti,Piazza Lisa 713-94019/Valguarnera Caropepe/EN,1,Vendetti SPA
SKYHNAI1,IT36A0477347624271776534707,NA,Vendetti,,1,Vendetti SPA
SKYHNAI1,IT36A0477347624271776534707,NA,Vendetti,,1,Vendetti SPA
RBBXSNAP,NL28FYLI8352891529,SN,Knappe,,0,Knappe
RBBXSNAP,NL28FYLI8352891529,SN,Knappe-Co.,,0,Knappe
RBBXSNAP,NL28FYLI8352891529,SN,Knappe Co.,,0,Knappe
RBBXSNAP,NL28FYLI8352891529,SN,Knappe Co,,0,Knappe
RBBXSNAP,NL28FYLI8352891529,SN,Knappe,Rudolstadt DE,0,Knappe
RBBXSNAP,NL28FYLI8352891529,SN,Knappe,Rudolphstraße Rudolstadt Rudolstadt DE,0,Knappe
RBBXSNAP,NL28FYLI8352891529,SN,Knappe.,Germany,0,Knappe
RBBXSNAP,NL28FYLI8352891529,SN,Knappe,Rudolphstraße  Rudolstadt Rudolstadt Germany,0,Knappe
RBBXSNAP,NL28FYLI8352891529,SN,Knappe Co.,,0,Knappe
QTQRNPI0,GB28TEKU04891498829089,NP,Pearle,,0,Pearle
QTQRNPI0,GB28TEKU04891498829089,NP,Pearle Pvt. Ltd.,Loerbeek NL,0,Pearle
QTQRNPI0,GB28TEKU04891498829089,NP,Pearle-Pvt.,,0,Pearle
QTQRNPI0,GB28TEKU04891498829089,NP,Pearle Pvt.,X,0,Pearle
EDFQCXTK,DE48690211610575389750,CX,Römer GmbH,Merseburg,0,Römer GmbH
EDFQCXTK,DE48690211610575389750,CX,Römer GmbH,,0,Römer GmbH
EDFQCXTK,DE48690211610575389750,CX,Römer GmbH,,0,Römer GmbH
EDFQCXTK,DE48690211610575389750,CX,Römer GmbH,"Grafring Merseburg,Merseburg Germany",0,Römer GmbH
KJZGAGUM,ES7206924705137247195020,AG,Raurica-Zeffirelli Group,"Rotonda Camilla,Piano 9,Trieste  Itaia",0,Raurica-Zeffirelli Group
KJZGAGUM,ES7206924705137247195020,AG,Raurica Zeffirelli Group,,0,Raurica-Zeffirelli Group
KJZGAGUM,ES7206924705137247195020,AG,Raurica Zeffirelli Group,,0,Raurica-Zeffirelli Group
BZSINUF0,GB89DECS53109401589186,NU,Koninklijke Mercks,,1,Koninklijke Mercks
BZSINUF0,GB89DECS53109401589186,NU,Koninklijke Nihoe,Netherlands,1,Koninklijke Nihoe
HSGVWSXA,GB60SIFO31987514166734,WS,Peixoto S/A,,1,Peixoto S/A
HSGVWSXA,GB60SIFO31987514166734,WS,Peixoto S.p.A.,,1,Peixoto S/A
HSGVWSXA,GB60SIFO31987514166734,WS,Peixoto S.P.A.,ES Avenida Breno Martins Suzana,1,Peixoto S/A
HSGVWSXA,GB60SIFO31987514166734,WS,Fogaça Freitas Ltda.,,1,Fogaça Freitas Ltda.
HSGVWSXA,GB60SIFO31987514166734,WS,Fogaça Freitas,,1,Fogaça Freitas Ltda.
HSGVWSXA,GB60SIFO31987514166734,WS,Fogaça Freitas,,1,Fogaça Freitas Ltda.
ZKROTNQ0,GB94EEFA29777428870966,TN,Tröst Stey GmbH & Co. KG,Dörrstr. Kusel-KuselGermany,0,Tröst Stey GmbH & Co. KG
ZKROTNQ0,GB94EEFA29777428870966,TN,Tröst Stey GmbH & Co. KG,Dörrstr. Kusel Kusel Germany,0,Tröst Stey GmbH & Co. KG
ZKROTNQ0,GB94EEFA29777428870966,TN,Tröst Stey GmbH &,#,0,Tröst Stey GmbH & Co. KG
ZKROTNQ0,GB94EEFA29777428870966,TN,Tröst Stey-GmbH-&,Dörrstr. Kusel Kusel DE,0,Tröst Stey GmbH & Co. KG
ZKROTNQ0,GB94EEFA29777428870966,TN,Tröst Stey GmbH & Company. KG,,0,Tröst Stey GmbH & Co. KG
ZKROTNQ0,GB94EEFA29777428870966,TN,Tröst Stey GmbH & KG,,0,Tröst Stey GmbH & Co. KG
ZKROTNQ0,GB94EEFA29777428870966,TN,Tröst Stey GmbH & Comp. KG,,0,Tröst Stey GmbH & Co. KG
ZKROTNQ0,GB94EEFA29777428870966,TN,Tröst Stey GmbH & KG,,0,Tröst Stey GmbH & Co. KG
ZKROTNQ0,GB94EEFA29777428870966,TN,Tröst Stey GmbH & Comp. KG,,0,Tröst Stey GmbH & Co. KG
ZKROTNQ0,GB94EEFA29777428870966,TN,Tröst Stey GmbH & Co. KG,,0,Tröst Stey GmbH & Co. KG
QREAUZCY,GB56NVRE93027792309278,UZ,Delaunay,"rue de Ribeiro,721 Roger/Roger,France",0,Delaunay
QREAUZCY,GB56NVRE93027792309278,UZ,Delaunay Co.,721  rue de Ribeiro 16765-Roger,0,Delaunay
QREAUZCY,GB56NVRE93027792309278,UZ,Delaunay Co.,,0,Delaunay
AUSPCKYA,ES9873180824378521818902,CK,Tiepolo e figli,,1,Tiepolo e figli
AUSPCKYA,ES9873180824378521818902,CK,Ovadia-Faggiani e figli,,1,Ovadia-Faggiani e figli
AUSPCKYA,ES9873180824378521818902,CK,"Lussu, Marini e Cilea s.r.l.",Cantarana Italia,1,"Lussu, Marini e Cilea s.r.l."
AUSPCKYA,ES9873180824378521818902,CK,Tarchetti e figli,Canale Tremonti usago  (MI) IT,1,Tarchetti e figli
POCPCYMD,ES9436357340267966096359,CY,Cardoso,"Parque da LuzRR,São DamiãoBrazil",0,Cardoso
POCPCYMD,ES9436357340267966096359,CY,Cardoso Ventures,,0,Cardoso
POCPCYMD,ES9436357340267966096359,CY,Cardoso Ventures,"Parque da Luz,441 São Damião-11451-350 Faria  RR",0,Cardoso
POCPCYMD,ES9436357340267966096359,CY,Cardoso. Vnts.,São Damião,0,Cardoso
POCPCYMD,ES9436357340267966096359,CY,Cardoso Ventures,X,0,Cardoso
POCPCYMD,ES9436357340267966096359,CY,Cardoso Vntrs.,,0,Cardoso
POCPCYMD,ES9436357340267966096359,CY,Cardoso Vntrs.,11451-350 arias/São Damião,0,Cardoso
POCPCYMD,ES9436357340267966096359,CY,Cardoso Vnts.,,0,Cardoso
POCPCYMD,ES9436357340267966096359,CY,Cardoso Vntrs.,,0,Cardoso
MAGYPKXZ,DE55956720454800459394,PK,Stamrood & Peters,,0,Stamrood & Peters
MAGYPKXZ,DE55956720454800459394,PK,Stamrood/& Peters,,0,Stamrood & Peters
MAGYPKXZ,DE55956720454800459394,PK,Stamrood &,,0,Stamrood & Peters
MAGYPKXZ,DE55956720454800459394,PK,Stamrood - & Peters,,0,Stamrood & Peters
MAGYPKXZ,DE55956720454800459394,PK,Stamrood &,"Mickring Hagestein,HagesteinNetherlands",0,Stamrood & Peters
OIYMBTNQ,DE16330613630013939464,BT,Aragão Gonçalves S/A,,1,Aragão Gonçalves S/A
OIYMBTNQ,DE16330613630013939464,BT,da Luz,,1,da Luz
OIYMBTNQ,DE16330613630013939464,BT,Duarte,Vereda de Peixoto Ouro Minas 54948-532 Cardoso PA,1,Duarte
OIYMBTNQ,DE16330613630013939464,BT,Rezende,,1,Rezende
IZBZIMBH,NL03SDDZ7878847712,IM,Wipstrik & Houdijk,,1,Wipstrik & Houdijk
IZBZIMBH,NL03SDDZ7878847712,IM,Aeije NV,,1,Aeije NV
IZBZIMBH,NL03SDDZ7878847712,IM,Aeije NV,Balloërveld Netherlands,1,Aeije NV
IZBZIMBH,NL03SDDZ7878847712,IM,Aeije NV,,1,Aeije NV
IZBZIMBH,NL03SDDZ7878847712,IM,Aeije NV,,1,Aeije NV
IZBZIMBH,NL03SDDZ7878847712,IM,Aeije/NV,Balloërveld  Marabaan Blloërveld,1,Aeije NV
IZBZIMBH,NL03SDDZ7878847712,IM,Aeije NV,"Maabaan 99 4987 FJ,Balloërveld",1,Aeije NV
IZBZIMBH,NL03SDDZ7878847712,IM,Aeije NV,&,1,Aeije NV
IZBZIMBH,NL03SDDZ7878847712,IM,Aeije NV,Maraban BalloërveldBalloërvel-Netherlands,1,Aeije NV
IZBZIMBH,NL03SDDZ7878847712,IM,van der Ploeg Groep,,1,van der Ploeg Groep
VXBCNIVS,DE10412309252741838645,NI,Reijers Groep,"Milaboulevard  Oud-BeijerlandOud-Beijerland,Netherlands",0,Reijers Groep
VXBCNIVS,DE10412309252741838645,NI,Reijers Grp.,,0,Reijers Groep
VXBCNIVS,DE10412309252741838645,NI,Reijers,Oud-Beijerland  Milaboulevard Oud-Beijerland,0,Reijers Groep
CXKLMWFG,FR2572456733301712347197769,MW,Jacquet SA,,0,Jacquet SA
CXKLMWFG,FR2572456733301712347197769,MW,Jacquet SpA ,Adamnec FR,0,Jacquet SA
CXKLMWFG,FR2572456733301712347197769,MW,Jacquet,,0,Jacquet SA
CXKLMWFG,FR2572456733301712347197769,MW,Jacquet Società per Azioni,45426-Adamnec,0,Jacquet SA
IVMNDEYB,ES0930785709973868462857,DE,Compañía KM S.A.,,0,Compañía KM S.A.
IVMNDEYB,ES0930785709973868462857,DE,"Compañía/KM,SA",,0,Compañía KM S.A.
IVMNDEYB,ES0930785709973868462857,DE,Compañía KM,,0,Compañía KM S.A.
IVMNDEYB,ES0930785709973868462857,DE,Compañía KM,Toledo Spain,0,Compañía KM S.A.
YROQJOBB,IT89R7385693417618078871332,JO,Garcia S.A.S.,,0,Garcia S.A.S.
YROQJOBB,IT89R7385693417618078871332,JO,Garcia S.a.s.,,0,Garcia S.A.S.
YROQJOBB,IT89R7385693417618078871332,JO,Garcia S.a.s.,Guillou,0,Garcia S.A.S.
YROQJOBB,IT89R7385693417618078871332,JO,Garcia.S.a.s,,0,Garcia S.A.S.
YROQJOBB,IT89R7385693417618078871332,JO,Garcia,,0,Garcia S.A.S.
YROQJOBB,IT89R7385693417618078871332,JO,Garcia S.a.s,,0,Garcia S.A.S.
YROQJOBB,IT89R7385693417618078871332,JO,Garcia SAS,,0,Garcia S.A.S.
YROQJOBB,IT89R7385693417618078871332,JO,Garcia S.a.s.,89779 Guillou,0,Garcia S.A.S.
YROQJOBB,IT89R7385693417618078871332,JO,Garcia,89779/Guillou,0,Garcia S.A.S.
AMLFTNIG,FR7023798373317401901452703,TN,Satriani Group,,1,Satriani Group
AMLFTNIG,FR7023798373317401901452703,TN,Satriani Gp.,Napoli IT,1,Satriani Group
AMLFTNIG,FR7023798373317401901452703,TN,Satriani.Gp.,,1,Satriani Group
AMLFTNIG,FR7023798373317401901452703,TN,Satriani,,1,Satriani Group
AMLFTNIG,FR7023798373317401901452703,TN,Satriani Grp,Canale Pier/Napoli,1,Satriani Group
AMLFTNIG,FR7023798373317401901452703,TN,Satriani,Canle Pier Napoli  (NA) IT,1,Satriani Group
AMLFTNIG,FR7023798373317401901452703,TN,Satriani,Canale Pier/Napoli NA Italia,1,Satriani Group
AMLFTNIG,FR7023798373317401901452703,TN,Satriani Grp,,1,Satriani Group
AMLFTNIG,FR7023798373317401901452703,TN,Satriani Grp.,80141 Napoli,1,Satriani Group
AMLFTNIG,FR7023798373317401901452703,TN,Finotto-Luria Group,Chiaromonte Italia,1,Finotto-Luria Group
KKFBRWDH,DE64651227464551490604,RW,Alberdi & Asociados S.L.,,0,Alberdi & Asociados S.L.
KKFBRWDH,DE64651227464551490604,RW,Alberdi & SC,,0,Alberdi & Asociados S.L.
KKFBRWDH,DE64651227464551490604,RW,Alberdi & .Asociados S.C,,0,Alberdi & Asociados S.L.
KKFBRWDH,DE64651227464551490604,RW,Alberdi & S.C,,0,Alberdi & Asociados S.L.
KKFBRWDH,DE64651227464551490604,RW,Alberdi & Asociados SA,Spain,0,Alberdi & Asociados S.L.
KWXVGNWP,NL32KQWP0552263004,GN,Gomes,,1,Gomes
KWXVGNWP,NL32KQWP0552263004,GN,Gomes,89677-655 Melo-Jardim São José,1,Gomes
KWXVGNWP,NL32KQWP0552263004,GN,Gomes,89677-655 Melo Jardim São José,1,Gomes
KWXVGNWP,NL32KQWP0552263004,GN,Gomes,Jardim São José BR,1,Gomes
KWXVGNWP,NL32KQWP0552263004,GN,Gomes,,1,Gomes
KWXVGNWP,NL32KQWP0552263004,GN,Gomes,Brazil,1,Gomes
KWXVGNWP,NL32KQWP0552263004,GN,"Gome,",,1,Gomes
KWXVGNWP,NL32KQWP0552263004,GN,da Rosa Lima e Filhos,,1,da Rosa Lima e Filhos
KWXVGNWP,NL32KQWP0552263004,GN,Santos Cardoso S/A,,1,Santos Cardoso S/A
KWXVGNWP,NL32KQWP0552263004,GN,Santos Cardoso S.P.A,,1,Santos Cardoso S/A
WYJXPHKB,DE74896626147049881772,PH,Sobrero s.r.l.,,0,Sobrero s.r.l.
WYJXPHKB,DE74896626147049881772,PH,Sobrero S r l S.A.S.,,0,Sobrero s.r.l.
CHXKGWMG,NL75LEEH7007525147,GW,Brown Ltd,,1,Brown Ltd
CHXKGWMG,NL75LEEH7007525147,GW,Brown Ltée,,1,Brown Ltd
CHXKGWMG,NL75LEEH7007525147,GW,Allen PLC,"Price Pine,70820 77867 Jenkinston,(KS)Unite States",1,Allen PLC
CHXKGWMG,NL75LEEH7007525147,GW,Taylor LLC,Uited States,1,Taylor LLC
CHXKGWMG,NL75LEEH7007525147,GW,Valentine-Hoffman,,1,Valentine-Hoffman
CHXKGWMG,NL75LEEH7007525147,GW,Valentine Hoffman Inc.,,1,Valentine-Hoffman
CHXKGWMG,NL75LEEH7007525147,GW,Valentine Hoffman,,1,Valentine-Hoffman
CHXKGWMG,NL75LEEH7007525147,GW,Valentine Hoffman - Ind,,1,Valentine-Hoffman
