BIC,AccountNumber,CTRYbnk,Name,Address,IsShared,Holder
KCFFKRHB,DE02076870460115154458,KR,Bauer-Hall,Newmanshire US,1,Bauer-Hall
KCFFKRHB,DE02076870460115154458,KR,Fry-Bailey,Katrina Rue  69373195  East Miguelburgh/United States,1,Fry-Bailey
KCFFKRHB,DE02076870460115154458,KR,Fry Bailey,,1,Fry-Bailey
KCFFKRHB,DE02076870460115154458,KR,Fry. Bailey,"Karina Rue693 73195  East Mguelburgh,WV/United States",1,Fry-Bailey
KCFFKRHB,DE02076870460115154458,KR,Fry Bailey,,1,Fry-Bailey
KCFFKRHB,DE02076870460115154458,KR,Fry Bailey,East Miguelburgh United States,1,Fry-Bailey
KCFFKRHB,DE02076870460115154458,KR,Fry Bailey,United States,1,Fry-Bailey
KCFFKRHB,DE02076870460115154458,KR,"Thomas, Vega and Ramos",,1,"Thomas, Vega and Ramos"
GZCUSBJS,FR9290511785217485863903711,SB,Wright PLC,S5P 4LP Robetsberg,0,Wright PLC
GZCUSBJS,FR9290511785217485863903711,SB,Wright,,0,Wright PLC
GZCUSBJS,FR9290511785217485863903711,SB,Wright,,0,Wright PLC
GZCUSBJS,FR9290511785217485863903711,SB,Wright Public,,0,Wright PLC
GZCUSBJS,FR9290511785217485863903711,SB,Wright P.L.C.,,0,Wright PLC
GZCUSBJS,FR9290511785217485863903711,SB,Wright Public Ltd.,X  X,0,Wright PLC
JMDCVERU,GB56HBEE87995444008368,VE,Hnos Gutierrez S.Coop.,45905  Alameda de Aníbal Torre-Albacete,1,Hnos Gutierrez S.Coop.
JMDCVERU,GB56HBEE87995444008368,VE,Hnos Gutierrez S.Coop.,,1,Hnos Gutierrez S.Coop.
JMDCVERU,GB56HBEE87995444008368,VE,Eusebio Fábregas Iñiguez S.Com.,Via de Marc Valero 29564/Palencia  Spain,1,Eusebio Fábregas Iñiguez S.Com.
JMDCVERU,GB56HBEE87995444008368,VE,Eusebio .Fábregas Iñiguez,,1,Eusebio Fábregas Iñiguez S.Com.
JMDCVERU,GB56HBEE87995444008368,VE,Finanzas Roig y asociados S.L.,,1,Finanzas Roig y asociados S.L.
JMDCVERU,GB56HBEE87995444008368,VE,Comercializadora ZOEZ S.A.U,,1,Comercializadora ZOEZ S.A.U
MVNDVNI0,NL66ZCFL5449804987,VN,da Costa - ME,,1,da Costa - ME
MVNDVNI0,NL66ZCFL5449804987,VN,da.Costa - ME Cpn.,,1,da Costa - ME
MVNDVNI0,NL66ZCFL5449804987,VN,S.a .Costa   ME Corp.,,1,da Costa - ME
MVNDVNI0,NL66ZCFL5449804987,VN,da Costa-  ME Corp,,1,da Costa - ME
MVNDVNI0,NL66ZCFL5449804987,VN,S.a Costa   ME Corp.,Cidade Jardim Brazil,1,da Costa - ME
MVNDVNI0,NL66ZCFL5449804987,VN,Costa Ltda.,Estrada Natália Cardoso/RN Nossa Senhora De Fátima Brazil,1,Costa Ltda.
NCKVKIBH,GB52DAPU29144932032157,KI,Royal Geerling,,1,Royal Geerling
NCKVKIBH,GB52DAPU29144932032157,KI,Royal Geerling,Woudbloem,1,Royal Geerling
NCKVKIBH,GB52DAPU29144932032157,KI,Royal Geerling,Jurrepad-88 7776 GEWoudbloem,1,Royal Geerling
NCKVKIBH,GB52DAPU29144932032157,KI,Royal Geerling,,1,Royal Geerling
NCKVKIBH,GB52DAPU29144932032157,KI,Royal Geerling,,1,Royal Geerling
NCKVKIBH,GB52DAPU29144932032157,KI,Royal Geerling,Woudbloem Jurrepad-Woudbloem,1,Royal Geerling
NCKVKIBH,GB52DAPU29144932032157,KI,Royal Geerling,"Jurrepad Woudbloem Woudbloem,Ntherlands",1,Royal Geerling
NCKVKIBH,GB52DAPU29144932032157,KI,Royal Geerling,,1,Royal Geerling
NCKVKIBH,GB52DAPU29144932032157,KI,Koninklijke van Herstal,Ell NL,1,Koninklijke van Herstal
NCKVKIBH,GB52DAPU29144932032157,KI,Koninklijke van Herstal,Ell Netherlands,1,Koninklijke van Herstal
VGHSSBG1,GB77STQP20170191289548,SB,"Rosselli, Prodi e Chigi SPA",,1,"Rosselli, Prodi e Chigi SPA"
VGHSSBG1,GB77STQP20170191289548,SB,"Scaduto, Volterra e Gianvecchio Group",,1,"Scaduto, Volterra e Gianvecchio Group"
SMMKUML1,GB60CUCY20626005855082,UM,"Moore, Owen and Henderson",,0,"Moore, Owen and Henderson"
SMMKUML1,GB60CUCY20626005855082,UM,"Moore, Owen Industries Henderson",,0,"Moore, Owen and Henderson"
SMMKUML1,GB60CUCY20626005855082,UM,"Moore, Owen.Inds Henderson",East Melissaside,0,"Moore, Owen and Henderson"
SMMKUML1,GB60CUCY20626005855082,UM,"Moore, Owen Henderson",,0,"Moore, Owen and Henderson"
SMMKUML1,GB60CUCY20626005855082,UM,"Moore, Owen Ind. - Henderson",,0,"Moore, Owen and Henderson"
SMMKUML1,GB60CUCY20626005855082,UM,"Moore, Owen Henderson",,0,"Moore, Owen and Henderson"
BSUZALZA,GB91WIGE91397436452462,AL,Construcción Bermúdez S.Com.,"Alameda de Onofre Jordá,23377 Almería Spain",1,Construcción Bermúdez S.Com.
BSUZALZA,GB91WIGE91397436452462,AL,Construcción Bermúdez,,1,Construcción Bermúdez S.Com.
BSUZALZA,GB91WIGE91397436452462,AL,Grupo Lobo S.L.,,1,Grupo Lobo S.L.
BSUZALZA,GB91WIGE91397436452462,AL,Grupo Lobo-SA,,1,Grupo Lobo S.L.
BSUZALZA,GB91WIGE91397436452462,AL,Grupo Lobo S.C,Santa Cruz de Tenerife,1,Grupo Lobo S.L.
BSUZALZA,GB91WIGE91397436452462,AL,Grupo  Lobo,Paseo e Glauco Céspedes 8 Piso/36353-Santa Crz de Tenerife/Spain,1,Grupo Lobo S.L.
BSUZALZA,GB91WIGE91397436452462,AL,Grupo Lobo S.C.,Santa Cruz de Tenerife Spain,1,Grupo Lobo S.L.
BSUZALZA,GB91WIGE91397436452462,AL,Grupo Lobo S.C.,,1,Grupo Lobo S.L.
BSUZALZA,GB91WIGE91397436452462,AL,Grupo Lobo S.C.,Santa Cruz de Tenerife Span,1,Grupo Lobo S.L.
WWYUHRZR,IT33Y1103171678498562805901,HR,Hermighausen GbR,Vinko-Jacobi Jäckel-Gasse  Saarlouis/Saarlouis-Germany,0,Hermighausen GbR
WWYUHRZR,IT33Y1103171678498562805901,HR,Hermighausen - GbR,Vinko-Jacobi Jäckel-Gasse  Saarlouis  Saarlouis Germany,0,Hermighausen GbR
WWYUHRZR,IT33Y1103171678498562805901,HR,Hermighausen GbR S.c .r l,"VinkoJacobi Jäckel-Gasse,Saarlouis,SaarlouisGermany",0,Hermighausen GbR
WWYUHRZR,IT33Y1103171678498562805901,HR,"Hermighausen,GbR S.c..r l","Vinko-Jacobi Jäckel-GasseSaarlouis,Saarlouis-Germany",0,Hermighausen GbR
WWYUHRZR,IT33Y1103171678498562805901,HR,Hermighausen-GbR/,SaarlouisVinko-Jacobi Jäckel-Gasse Saarlouis,0,Hermighausen GbR
WWYUHRZR,IT33Y1103171678498562805901,HR,Hermighausen GbR,28612 Saarlouis,0,Hermighausen GbR
WWYUHRZR,IT33Y1103171678498562805901,HR,Hermighausen GbR S.C r l,Vinko-Jacobi Jäckel-Gasse Saarlouis SaarlouisGermany,0,Hermighausen GbR
YBDACUQD,FR3273212108495985376465512,CU,HEMA,Ninthestraat Diphoorn/Diphoorn  NL,0,HEMA
YBDACUQD,FR3273212108495985376465512,CU,HEMA,Ninthestraat  Diphoorn Diphoorn NL,0,HEMA
YBDACUQD,FR3273212108495985376465512,CU,",EMA",7156VVDiphoorn,0,HEMA
YBDACUQD,FR3273212108495985376465512,CU,HEMA,7156VVDiphoorn,0,HEMA
YBDACUQD,FR3273212108495985376465512,CU,H .MA,,0,HEMA
BSGASLNU,GB46ONSJ26468395185946,SL,Royal Molenaar,,0,Royal Molenaar
BSGASLNU,GB46ONSJ26468395185946,SL,Royal Molenaar,,0,Royal Molenaar
BSGASLNU,GB46ONSJ26468395185946,SL,Royal Molenaar Ind.,Netherlands,0,Royal Molenaar
BSGASLNU,GB46ONSJ26468395185946,SL,Royal.Molenaar,,0,Royal Molenaar
BSGASLNU,GB46ONSJ26468395185946,SL,Royal Molenaar Industries,,0,Royal Molenaar
BSGASLNU,GB46ONSJ26468395185946,SL,Royal. Molenaar,,0,Royal Molenaar
BSGASLNU,GB46ONSJ26468395185946,SL,Royal Molenaar Inds,.. . .,0,Royal Molenaar
BSGASLNU,GB46ONSJ26468395185946,SL,Royal Molenaar,,0,Royal Molenaar
BSGASLNU,GB46ONSJ26468395185946,SL,Royal Molenaar,,0,Royal Molenaar
BSGASLNU,GB46ONSJ26468395185946,SL,Royal Molenaar,Rekken-Joëlweg Rekken,0,Royal Molenaar
ULRGJMQS,NL53RXTU4244589812,JM,Royo y Colomer S.L.N.E,,1,Royo y Colomer S.L.N.E
ULRGJMQS,NL53RXTU4244589812,JM,Inversiones RCV S.L.U.,,1,Inversiones RCV S.L.U.
ULRGJMQS,NL53RXTU4244589812,JM,Parejo y asociados S.Com.,,1,Parejo y asociados S.Com.
ULRGJMQS,NL53RXTU4244589812,JM,Parejo y asociados S.Com.,,1,Parejo y asociados S.Com.
ULRGJMQS,NL53RXTU4244589812,JM,Parejo y S.Com.,24367C. Rosalía Arjona 39 Puerta/La Coruña,1,Parejo y asociados S.Com.
ULRGJMQS,NL53RXTU4244589812,JM,"Parejo y,asociados S.Com.",,1,Parejo y asociados S.Com.
ULRGJMQS,NL53RXTU4244589812,JM,Parejo y S.Com.,,1,Parejo y asociados S.Com.
ULRGJMQS,NL53RXTU4244589812,JM,Parejo y asociados S.Com.,,1,Parejo y asociados S.Com.
ULRGJMQS,NL53RXTU4244589812,JM,Parejo y asociados S.Com.,,1,Parejo y asociados S.Com.
ULRGJMQS,NL53RXTU4244589812,JM,Parejo y asociados S.Com.,C. Rosalía Arjona 39 Puerta 1 -La Coruña  24367,1,Parejo y asociados S.Com.
SFHQGQKS,IT38V8910727956259631432747,GQ,"Steele, Williams and Randolph",,0,"Steele, Williams and Randolph"
SFHQGQKS,IT38V8910727956259631432747,GQ,"Steele, Williams",,0,"Steele, Williams and Randolph"
SFHQGQKS,IT38V8910727956259631432747,GQ,"Steele, Williams Inds RIndsolph",,0,"Steele, Williams and Randolph"
SFHQGQKS,IT38V8910727956259631432747,GQ,"Steele, Williams Industries RIndustriesolph",,0,"Steele, Williams and Randolph"
SFHQGQKS,IT38V8910727956259631432747,GQ,"Steele, Williams Ind. RInd.olph",,0,"Steele, Williams and Randolph"
SFHQGQKS,IT38V8910727956259631432747,GQ,"Steele, Williams Inds RIndsolph",,0,"Steele, Williams and Randolph"
SFHQGQKS,IT38V8910727956259631432747,GQ,"Steele, Williams  Inds. RInds.olph",New Traci US,0,"Steele, Williams and Randolph"
SFHQGQKS,IT38V8910727956259631432747,GQ,"Steele,  Williams",,0,"Steele, Williams and Randolph"
SFHQGQKS,IT38V8910727956259631432747,GQ,"Steele, Williams Inds. RInds.olph",22965 Nw Traci,0,"Steele, Williams and Randolph"
EPTDMRBN,IT86E1317776342490904105862,MR,Ferreira Ltda.,Núcleo Gabriel Barros MG  Santana Do Cafezal MG/Brazil,1,Ferreira Ltda.
EPTDMRBN,IT86E1317776342490904105862,MR,Ferreira Ltd  S.A.S.,Santana Do Cafeal Brazil,1,Ferreira Ltda.
EPTDMRBN,IT86E1317776342490904105862,MR,Almeida Almeida - EI,,1,Almeida Almeida - EI
EPTDMRBN,IT86E1317776342490904105862,MR,Almeida Almeida    EI,,1,Almeida Almeida - EI
EPTDMRBN,IT86E1317776342490904105862,MR,Almeida Almeida.  EI .S.c.a.r.l.,,1,Almeida Almeida - EI
EPTDMRBN,IT86E1317776342490904105862,MR,"Almeida Almeida ,-EI S.C.A.R.L",45197335 Cardoso de Fernandes Vila Bandeirantes,1,Almeida Almeida - EI
EPTDMRBN,IT86E1317776342490904105862,MR,Almeida Almeida   EI SCARL,,1,Almeida Almeida - EI
WAJXIMXV,FR0665020160491129577346806,IM,Hardy Godard SA,09534  Allard,1,Hardy Godard SA
WAJXIMXV,FR0665020160491129577346806,IM,Rolland Bonnet SARL,,1,Rolland Bonnet SARL
JGQNLRAU,GB81NAKN82871154186632,LR,"Davies, Robertson and Edwards",LS0X 8HN Maryborough,1,"Davies, Robertson and Edwards"
JGQNLRAU,GB81NAKN82871154186632,LR,Horton PLC,,1,Horton PLC
TOYHINPT,IT84J9709708898480659353101,IN,Collins-Haynes,,0,Collins-Haynes
TOYHINPT,IT84J9709708898480659353101,IN,Collins .Haynes Group,Lake Karenborough United Kingdom,0,Collins-Haynes
TOYHINPT,IT84J9709708898480659353101,IN,Collins Haynes Group,,0,Collins-Haynes
TOYHINPT,IT84J9709708898480659353101,IN,Collins Haynes  Group,,0,Collins-Haynes
TOYHINPT,IT84J9709708898480659353101,IN,Collins Haynes,,0,Collins-Haynes
TOYHINPT,IT84J9709708898480659353101,IN,Collins Haynes Grp,,0,Collins-Haynes
TOYHINPT,IT84J9709708898480659353101,IN,Collins Haynes Grp.,,0,Collins-Haynes
CKHHFJSU,NL05RQJQ9951432416,FJ,Freitas,,1,Freitas
CKHHFJSU,NL05RQJQ9951432416,FJ,Freitas- Glob,Boa Esperança BR,1,Freitas
CKHHFJSU,NL05RQJQ9951432416,FJ,Freitas Global,,1,Freitas
CKHHFJSU,NL05RQJQ9951432416,FJ,Freitas,,1,Freitas
CKHHFJSU,NL05RQJQ9951432416,FJ,Freitas,,1,Freitas
CKHHFJSU,NL05RQJQ9951432416,FJ,Fogaça,,1,Fogaça
BOXKTLFK,FR2255235648573260199204377,TL,de Grunt & Adriaensdr,,1,de Grunt & Adriaensdr
BOXKTLFK,FR2255235648573260199204377,TL,de Grunt &,Schelluinen NL,1,de Grunt & Adriaensdr
BOXKTLFK,FR2255235648573260199204377,TL,de  Grunt & Adriaensdr,"Pepijnstraat,Schelluinen  Schelluinen NL",1,de Grunt & Adriaensdr
BOXKTLFK,FR2255235648573260199204377,TL,de Grunt & .Adriaensdr,,1,de Grunt & Adriaensdr
BOXKTLFK,FR2255235648573260199204377,TL,Royal Schrik,Sluis,1,Royal Schrik
BOXKTLFK,FR2255235648573260199204377,TL,Royal van Henegouwen,,1,Royal van Henegouwen
BOXKTLFK,FR2255235648573260199204377,TL,Royal.van Henegouwen,,1,Royal van Henegouwen
BOXKTLFK,FR2255235648573260199204377,TL,Royal van Henegouwen,,1,Royal van Henegouwen
BOXKTLFK,FR2255235648573260199204377,TL,Royal van Henegouwen,,1,Royal van Henegouwen
BOXKTLFK,FR2255235648573260199204377,TL,Royal-van  Henegouwen,,1,Royal van Henegouwen
BOXKTLFK,FR2255235648573260199204377,TL,Royal van Henegouwen,Kolhorn,1,Royal van Henegouwen
NNOZCGCK,GB82MRPN23773717684807,CG,Sraffa Group,# #,0,Sraffa Group
NNOZCGCK,GB82MRPN23773717684807,CG,Sraffa Gr. Glb,,0,Sraffa Group
NNOZCGCK,GB82MRPN23773717684807,CG,Sraffa  Group,Stretto Adriano Appartamento 0  Corte Palasio  LO IT,0,Sraffa Group
NNOZCGCK,GB82MRPN23773717684807,CG,Sraffa Grp  Glb,,0,Sraffa Group
NNOZCGCK,GB82MRPN23773717684807,CG,Sraffa Group Glob.,Italia,0,Sraffa Group
NNOZCGCK,GB82MRPN23773717684807,CG,Sraffa,26834-Corte Palasio,0,Sraffa Group
NNOZCGCK,GB82MRPN23773717684807,CG,"Sraffa,Group",Corte Palasio IT,0,Sraffa Group
NNOZCGCK,GB82MRPN23773717684807,CG,Sraffa.Gp./Glb,Stetto Adriano 54 Appartamento 0 26834  Corte Palasio LO,0,Sraffa Group
NNOZCGCK,GB82MRPN23773717684807,CG,Sraffa-Group Glob.,,0,Sraffa Group
NNOZCGCK,GB82MRPN23773717684807,CG,Sraffa .,Stretto Adriano Appartamento 0 Corte Palasio Italia,0,Sraffa Group
TISUNZD2,DE76549507375089351948,NZ,Nelson LLC,,1,Nelson LLC
TISUNZD2,DE76549507375089351948,NZ,"Murphy, Fletcher and Skinner",62879Johnton,1,"Murphy, Fletcher and Skinner"
TISUNZD2,DE76549507375089351948,NZ,"Murphy, Fletcher Ind. Skinner","Elizabeth Ranch Suite 902,952 62879,Johnton (L)  US",1,"Murphy, Fletcher and Skinner"
TISUNZD2,DE76549507375089351948,NZ,"Perez, Davidson and Cruz",Marcus Mils 93496 74104 East RichardtonID US,1,"Perez, Davidson and Cruz"
TISUNZD2,DE76549507375089351948,NZ,"Perez, Davidson",74104 East Richardton,1,"Perez, Davidson and Cruz"
TISUNZD2,DE76549507375089351948,NZ,"Perez, Davidson-Ind.  Cruz",,1,"Perez, Davidson and Cruz"
TISUNZD2,DE76549507375089351948,NZ,"Perez,  Davidson Cruz",,1,"Perez, Davidson and Cruz"
TISUNZD2,DE76549507375089351948,NZ,"Perez, .Davidson Inds Cruz","Marcus Mills 93496 74104,East ichardton/United States",1,"Perez, Davidson and Cruz"
DKEFNPNB,DE45206914733673121674,NP,Banco Oliver S.L.N.E,Vial de Macaria Estevez 90 Apt.  06518  Castellón ES,0,Banco Oliver S.L.N.E
DKEFNPNB,DE45206914733673121674,NP,Banco Oliver S.L.N.E,Vial de Macaria Estevez 90 Apt.  06518-CastellónES,0,Banco Oliver S.L.N.E
DKEFNPNB,DE45206914733673121674,NP,Banco Oliver S.L.N.E,,0,Banco Oliver S.L.N.E
DKEFNPNB,DE45206914733673121674,NP,Banco Oliver S.L.N.E,,0,Banco Oliver S.L.N.E
DKEFNPNB,DE45206914733673121674,NP,Banco. Oliver S.L.N.E,,0,Banco Oliver S.L.N.E
DKEFNPNB,DE45206914733673121674,NP,Banco Oliver S.L.N.E,,0,Banco Oliver S.L.N.E
DKEFNPNB,DE45206914733673121674,NP,Banco Oliver S.L.N.E,,0,Banco Oliver S.L.N.E
IFVNKIAY,IT92J9804763487264329645096,KI,Filzi SPA,,1,Filzi SPA
IFVNKIAY,IT92J9804763487264329645096,KI,Filzi SPA,,1,Filzi SPA
IFVNKIAY,IT92J9804763487264329645096,KI,"Rubbia, Palombi e Berrè SPA","Stretto Alessia  Piano 9 Trigolo,CR) IT",1,"Rubbia, Palombi e Berrè SPA"
IFVNKIAY,IT92J9804763487264329645096,KI,Florio-Puccini e figli,,1,Florio-Puccini e figli
IFVNKIAY,IT92J9804763487264329645096,KI,Bocelli Group,,1,Bocelli Group
OWMEAQXI,GB36KUBE89235568541750,AQ,Kent Ltd,81759 Garrettmuth,0,Kent Ltd
OWMEAQXI,GB36KUBE89235568541750,AQ,Kent Ltd Co.,,0,Kent Ltd
OWMEAQXI,GB36KUBE89235568541750,AQ,Kent Ltd Co,United States,0,Kent Ltd
OWMEAQXI,GB36KUBE89235568541750,AQ,Kent LTD Company,,0,Kent Ltd
OWMEAQXI,GB36KUBE89235568541750,AQ,Kent LTd. Company,,0,Kent Ltd
OWMEAQXI,GB36KUBE89235568541750,AQ,Kent,"Paige Bridge Suite 027 7937 81759 Garrettmouth(C),US",0,Kent Ltd
OWMEAQXI,GB36KUBE89235568541750,AQ,Kent Ltd -,Garrettmouth US,0,Kent Ltd
OWMEAQXI,GB36KUBE89235568541750,AQ,Kent Ltd Company,,0,Kent Ltd
OWMEAQXI,GB36KUBE89235568541750,AQ,Kent - Ltd  Co,,0,Kent Ltd
OWMEAQXI,GB36KUBE89235568541750,AQ,Kent Ltd Comp.,,0,Kent Ltd
COOPMGHF,NL28IWLH4545529754,MG,Stroh e.V.,,0,Stroh e.V.
COOPMGHF,NL28IWLH4545529754,MG,Stroh e.V. Pvt.,,0,Stroh e.V.
COOPMGHF,NL28IWLH4545529754,MG,Stroh e.V. Pvt.,,0,Stroh e.V.
COOPMGHF,NL28IWLH4545529754,MG,Stroh e.V. Pvt.,,0,Stroh e.V.
COOPMGHF,NL28IWLH4545529754,MG,Stroh e.V. Pvt. LTD,,0,Stroh e.V.
COOPMGHF,NL28IWLH4545529754,MG,Stroh e.V. Pvt.,,0,Stroh e.V.
COOPMGHF,NL28IWLH4545529754,MG,Stroh e.V. Pvt.,Weißweg Sest  Soest DE,0,Stroh e.V.
COOPMGHF,NL28IWLH4545529754,MG,Stroh e.V. Pvt.,Soest Wißweg Soest,0,Stroh e.V.
COOPMGHF,NL28IWLH4545529754,MG,Stroh e.V.  Pvt. L.t.d.,,0,Stroh e.V.
COOPMGHF,NL28IWLH4545529754,MG,Stroh e.V. .Pvt.,,0,Stroh e.V.
BORTSCTS,FR0216180873544500826143616,SC,Teva Pharmaceuticals,,1,Teva Pharmaceuticals
BORTSCTS,FR0216180873544500826143616,SC,Jurrijens BV,,1,Jurrijens BV
BORTSCTS,FR0216180873544500826143616,SC,Jurrijens  BV SNC,,1,Jurrijens BV
BORTSCTS,FR0216180873544500826143616,SC,Sligro,,1,Sligro
BORTSCTS,FR0216180873544500826143616,SC,Sligro S.A.P.A.,"Jaysonbaan 388,2620 DX Matsloot",1,Sligro
BORTSCTS,FR0216180873544500826143616,SC,Sligro,,1,Sligro
BORTSCTS,FR0216180873544500826143616,SC,Sligro S.a.p.a,,1,Sligro
BORTSCTS,FR0216180873544500826143616,SC,Sligro,,1,Sligro
BORTSCTS,FR0216180873544500826143616,SC,Sligro S.a.p.a.,Matsloot,1,Sligro
BORTSCTS,FR0216180873544500826143616,SC,Sligro,Jaysonbaan Matsloot/Matsloot-Netherlands,1,Sligro
BORTSCTS,FR0216180873544500826143616,SC,Sligro SAPA,Matsloot Jaysonbaan Matsoot,1,Sligro
MUDYBDBM,GB35DWUI64891077978629,BD,Koninklijke Jorrisen,Catharinapad  Nijkerk  Nijkerk/Netherlands,0,Koninklijke Jorrisen
MUDYBDBM,GB35DWUI64891077978629,BD,Koninklijke-Jorrisen Grp,,0,Koninklijke Jorrisen
MUDYBDBM,GB35DWUI64891077978629,BD,"Koninklijke Jorrisen,Grp.",Nijker NL,0,Koninklijke Jorrisen
MUDYBDBM,GB35DWUI64891077978629,BD,Koninklijke Jorrisen Gp.,,0,Koninklijke Jorrisen
MUDYBDBM,GB35DWUI64891077978629,BD,Koninklijke Jorrisen,Nijkerk,0,Koninklijke Jorrisen
MUDYBDBM,GB35DWUI64891077978629,BD,Koninklijke Jorrisen- Gp.,&  &&,0,Koninklijke Jorrisen
MUDYBDBM,GB35DWUI64891077978629,BD,Koninklijke-Jorrisen,,0,Koninklijke Jorrisen
MUDYBDBM,GB35DWUI64891077978629,BD,Koninklijke Jorrisen-Grp,Catharinapad-Nijkerk  Nijkerk/Netherlands,0,Koninklijke Jorrisen
MUDYBDBM,GB35DWUI64891077978629,BD,Koninklijke/Jorrisen Gr.,Nijkerk Netherlands,0,Koninklijke Jorrisen
MUDYBDBM,GB35DWUI64891077978629,BD,Koninklijke Jorrisen,,0,Koninklijke Jorrisen
JFWMROVE,IT52M6993928141198438939046,RO,Barrett-Connor,,0,Barrett-Connor
JFWMROVE,IT52M6993928141198438939046,RO,Barrett Connor Co,,0,Barrett-Connor
ANFQAWKI,FR7555111712558161669854166,AW,Wähner Kaul AG,,0,Wähner Kaul AG
ANFQAWKI,FR7555111712558161669854166,AW,Wähner.Kaul AG,,0,Wähner Kaul AG
ANFQAWKI,FR7555111712558161669854166,AW,Wähner. Kaul AG,,0,Wähner Kaul AG
ANFQAWKI,FR7555111712558161669854166,AW,Wähner  Kaul - AG,---,0,Wähner Kaul AG
ANFQAWKI,FR7555111712558161669854166,AW,Wähner. Kaul AG,,0,Wähner Kaul AG
ANFQAWKI,FR7555111712558161669854166,AW,Wähner .Kaul  AG,,0,Wähner Kaul AG
ANFQAWKI,FR7555111712558161669854166,AW,Wähner Kaul,"Blümelweg,Demmin  Demmin,DE",0,Wähner Kaul AG
ANFQAWKI,FR7555111712558161669854166,AW,Wähner Kaul AG,,0,Wähner Kaul AG
ANFQAWKI,FR7555111712558161669854166,AW,Wähner Kaul,91553 Demmin,0,Wähner Kaul AG
ANFQAWKI,FR7555111712558161669854166,AW,Wähner Kaul AG,Blümelwe Demmin-Demmin  Germany,0,Wähner Kaul AG
ANFQAWKI,FR7555111712558161669854166,AW,Wähner-  Kaul,Demmin Germany,0,Wähner Kaul AG
NHKKMELB,IT76J0832458438160989239200,ME,Collin,Devaux,0,Collin
NHKKMELB,IT76J0832458438160989239200,ME,Collin,Devaux,0,Collin
YVZASBDU,FR7776764001955258234387764,SB,Charles S.A.R.L.,avenue de Tanguy  247 Guichard/Guichard FR,0,Charles S.A.R.L.
YVZASBDU,FR7776764001955258234387764,SB,Charles.  S.A.R.L.,avenue de Tanguy  247 Guichard/Guichard FR,0,Charles S.A.R.L.
YVZASBDU,FR7776764001955258234387764,SB,Charles S.C.A.R.L. SRL,,0,Charles S.A.R.L.
YVZASBDU,FR7776764001955258234387764,SB,Charles S.A.R.L. S.R.L.,"247 Guichard,avenue de Tanguy Guichard",0,Charles S.A.R.L.
YVZASBDU,FR7776764001955258234387764,SB,Charles,avenue de Tanguy247 Guichard Guichard France,0,Charles S.A.R.L.
YVZASBDU,FR7776764001955258234387764,SB,Charles S.A.R.L. S.r.l.,,0,Charles S.A.R.L.
YVZASBDU,FR7776764001955258234387764,SB,Charles S.C.A.R.L. SRL,,0,Charles S.A.R.L.
LCJMNAMJ,IT50P9214610517975349574026,NA,Gérard Bouvet SA,,0,Gérard Bouvet SA
LCJMNAMJ,IT50P9214610517975349574026,NA,Gérard  Bouvet SA,,0,Gérard Bouvet SA
LCJMNAMJ,IT50P9214610517975349574026,NA,Gérard Bouvet Società per Azioni,,0,Gérard Bouvet SA
VFUVLVYG,GB74SYME32177965064940,LV,Agostinelli Group,"Strada Gino Groppallo,Italia",1,Agostinelli Group
VFUVLVYG,GB74SYME32177965064940,LV,Pacelli-Luna s.r.l.,,1,Pacelli-Luna s.r.l.
ZVVBTHFQ,GB40GJWV47407527734627,TH,Forster Ltd,OConnor field  South Harrietchester/United Kingdom,1,Forster Ltd
ZVVBTHFQ,GB40GJWV47407527734627,TH,Fowler Inc,,1,Fowler Inc
ZVVBTHFQ,GB40GJWV47407527734627,TH,Marsh Group,69/Burke passage-West Rosieton,1,Marsh Group
ZVVBTHFQ,GB40GJWV47407527734627,TH,Marsh Group -,,1,Marsh Group
ZVVBTHFQ,GB40GJWV47407527734627,TH,"Roberts, Metcalfe and Craig",,1,"Roberts, Metcalfe and Craig"
ZVVBTHFQ,GB40GJWV47407527734627,TH,"Roberts, Metcalfe Ind.",Leightown GB,1,"Roberts, Metcalfe and Craig"
MVLISOJT,GB62PHRV19487161848063,SO,Tirie & Massa,,0,Tirie & Massa
MVLISOJT,GB62PHRV19487161848063,SO,Tirie & Massa,Midlaren NL,0,Tirie & Massa
MVLISOJT,GB62PHRV19487161848063,SO,Tirie & Massa,,0,Tirie & Massa
MVLISOJT,GB62PHRV19487161848063,SO,Tirie & Massa,Aidenhof  Midlaren  Midlaren/Netherlands,0,Tirie & Massa
MVLISOJT,GB62PHRV19487161848063,SO,Tirie &-Massa,,0,Tirie & Massa
OIBMBESO,IT56J3357776999112896165283,BE,Ortmann Hänel GmbH,,0,Ortmann Hänel GmbH
OIBMBESO,IT56J3357776999112896165283,BE,Ortmann Hänel GmbH,,0,Ortmann Hänel GmbH
OIBMBESO,IT56J3357776999112896165283,BE,Ortmann Hänel GmbH,,0,Ortmann Hänel GmbH
OIBMBESO,IT56J3357776999112896165283,BE,Ortmann Hänel  GmbH,,0,Ortmann Hänel GmbH
UZIWKNBD,FR5756759464891614202155074,KN,Mans Drewes Stiftung & Co. KG,Osterode am Harz Germany,0,Mans Drewes Stiftung & Co. KG
UZIWKNBD,FR5756759464891614202155074,KN,Mans Drewes Stiftung & Company KG,,0,Mans Drewes Stiftung & Co. KG
UZIWKNBD,FR5756759464891614202155074,KN,Mans Drewes Stiftung  & Co.,,0,Mans Drewes Stiftung & Co. KG
UZIWKNBD,FR5756759464891614202155074,KN,Mans Drewes Stiftung & Company .KG,,0,Mans Drewes Stiftung & Co. KG
UZIWKNBD,FR5756759464891614202155074,KN,Mans Drewes Stiftung.Comp. KG,,0,Mans Drewes Stiftung & Co. KG
UZIWKNBD,FR5756759464891614202155074,KN,Mans Drewes Stiftung &.,Osterode am Harz DE,0,Mans Drewes Stiftung & Co. KG
UZIWKNBD,FR5756759464891614202155074,KN,Mans Drewes  &,,0,Mans Drewes Stiftung & Co. KG
UZIWKNBD,FR5756759464891614202155074,KN,Mans Drewes Stiftung &,Osterode am Harz DE,0,Mans Drewes Stiftung & Co. KG
UZIWKNBD,FR5756759464891614202155074,KN,Mans .Drewes Stiftung  & Co KG,,0,Mans Drewes Stiftung & Co. KG
UZIWKNBD,FR5756759464891614202155074,KN,Mans Drewes Stiftung Co. KG,,0,Mans Drewes Stiftung & Co. KG
LOSZREHF,GB79PLAR86392121165971,RE,"Tolentino, Torricelli e Durante s.r.l.","Via Alfio  Torre Alfina,(VT)-Italia",1,"Tolentino, Torricelli e Durante s.r.l."
LOSZREHF,GB79PLAR86392121165971,RE,"Tolentino, Torricelli.e SRL",___,1,"Tolentino, Torricelli e Durante s.r.l."
LOSZREHF,GB79PLAR86392121165971,RE,"Tolentino, Torricelli e Durante S.R.L.",,1,"Tolentino, Torricelli e Durante s.r.l."
LOSZREHF,GB79PLAR86392121165971,RE,"Tolentino, Torricelli e Durante",,1,"Tolentino, Torricelli e Durante s.r.l."
LOSZREHF,GB79PLAR86392121165971,RE,"Tolentino, Torricelli  Durante S.R.L.",,1,"Tolentino, Torricelli e Durante s.r.l."
LOSZREHF,GB79PLAR86392121165971,RE,"Tolentino, Torricelli e Durante S.R.L.",Via Alfio  Torre Alfina/(VT)  Italia,1,"Tolentino, Torricelli e Durante s.r.l."
LOSZREHF,GB79PLAR86392121165971,RE,Soderini e figli,10024 Revigliasco,1,Soderini e figli
LOSZREHF,GB79PLAR86392121165971,RE,Soderini-e figli,,1,Soderini e figli
LOSZREHF,GB79PLAR86392121165971,RE,Soderini-e figli,Revigliasco Italia,1,Soderini e figli
YTTJGRMW,GB91KFYP72880907531290,GR,Stichting van der Loo,Larsboulevard  AfferdenAfferden Netherlands,1,Stichting van der Loo
YTTJGRMW,GB91KFYP72880907531290,GR,Ikea,,1,Ikea
YTTJGRMW,GB91KFYP72880907531290,GR,"Ikea,",Assen Netherlands,1,Ikea
YTTJGRMW,GB91KFYP72880907531290,GR,Ikea,,1,Ikea
YTTJGRMW,GB91KFYP72880907531290,GR,Koninklijke Arnold,,1,Koninklijke Arnold
BIHMCRNW,FR0341199208627091458155329,CR,Bignardi-Verri e figli,,1,Bignardi-Verri e figli
BIHMCRNW,FR0341199208627091458155329,CR,"Garobbio, Filzi e Zabarella SPA",,1,"Garobbio, Filzi e Zabarella SPA"
BIHMCRNW,FR0341199208627091458155329,CR,Passalacqua-Casadei s.r.l.,Strada Pomponio Grimaldi CS-Italia,1,Passalacqua-Casadei s.r.l.
BIHMCRNW,FR0341199208627091458155329,CR,Silvestri s.r.l.,,1,Silvestri s.r.l.
BIHMCRNW,FR0341199208627091458155329,CR,Silvestri s.r.l. SAPA,,1,Silvestri s.r.l.
BIHMCRNW,FR0341199208627091458155329,CR,Silvestri S.R.L. - S.A.P.A,,1,Silvestri s.r.l.
BIHMCRNW,FR0341199208627091458155329,CR,Silvestri s.r.l. SAPA,,1,Silvestri s.r.l.
BIHMCRNW,FR0341199208627091458155329,CR,Silvestri,,1,Silvestri s.r.l.
BIHMCRNW,FR0341199208627091458155329,CR,Silvestri S.r.l. S.A.P.A,,1,Silvestri s.r.l.
TCSIMUYZ,DE73826617186662593585,MU,Salmon Blin SARL,,0,Salmon Blin SARL
TCSIMUYZ,DE73826617186662593585,MU,Salmon.Blin,,0,Salmon Blin SARL
TCSIMUYZ,DE73826617186662593585,MU,Salmon Blin,France,0,Salmon Blin SARL
TCSIMUYZ,DE73826617186662593585,MU,Salmon Blin,rue Legrand-5 Rivière Rivière/France,0,Salmon Blin SARL
TCSIMUYZ,DE73826617186662593585,MU,Salmon Blin,,0,Salmon Blin SARL
TCSIMUYZ,DE73826617186662593585,MU,Salmon Blin,,0,Salmon Blin SARL
TCSIMUYZ,DE73826617186662593585,MU,Salmon  Blin,18298 Rivière,0,Salmon Blin SARL
TCSIMUYZ,DE73826617186662593585,MU,Salmon Blin Srl,,0,Salmon Blin SARL
LMDHPGKO,GB12FCHL57268732163872,PG,Comercial del Norte S.L.N.E,26062 Melilla,1,Comercial del Norte S.L.N.E
LMDHPGKO,GB12FCHL57268732163872,PG,Comercial del Norte,Acceso de Ester Fuertes 70 Puerta  26062  Melilla Spain,1,Comercial del Norte S.L.N.E
LMDHPGKO,GB12FCHL57268732163872,PG,Comercial del Norte S.L.N.E,,1,Comercial del Norte S.L.N.E
LMDHPGKO,GB12FCHL57268732163872,PG,Comercial del Norte S.L.N.E,Spain,1,Comercial del Norte S.L.N.E
LMDHPGKO,GB12FCHL57268732163872,PG,Comercial del Norte S.L.N.E,Acceso de Ester Fuertes 70 Puerta 26062  MelillaSpain,1,Comercial del Norte S.L.N.E
LMDHPGKO,GB12FCHL57268732163872,PG,Comercial del- Norte S.L.N.E,,1,Comercial del Norte S.L.N.E
LMDHPGKO,GB12FCHL57268732163872,PG,Minería Zamorano & Asociados S.A.,,1,Minería Zamorano & Asociados S.A.
LMDHPGKO,GB12FCHL57268732163872,PG,Minería Zamorano & Asociados SA,"Vial de Maximiano Gargallo,28-Graada 40136",1,Minería Zamorano & Asociados S.A.
QFZBKNLT,GB06JAZO98340543085693,KN,"Russell, Kemp and Thomas",L5 2DRSinghville,1,"Russell, Kemp and Thomas"
QFZBKNLT,GB06JAZO98340543085693,KN,Williams-Morris,,1,Williams-Morris
QFZBKNLT,GB06JAZO98340543085693,KN,"Taylor, Davey and Freeman",,1,"Taylor, Davey and Freeman"
QFZBKNLT,GB06JAZO98340543085693,KN,"Taylor,  Davey",,1,"Taylor, Davey and Freeman"
QFZBKNLT,GB06JAZO98340543085693,KN,"Taylor, Davey Ind. Freeman",,1,"Taylor, Davey and Freeman"
QFZBKNLT,GB06JAZO98340543085693,KN,Leonard-Watkins,,1,Leonard-Watkins
NNIAMPEB,GB94PWCC25549795306315,MP,Aragão,,1,Aragão
NNIAMPEB,GB94PWCC25549795306315,MP,Fogaça,,1,Fogaça
NNIAMPEB,GB94PWCC25549795306315,MP,Fogaça,Rua Dias/CE Vila São Gabriel (CE)  BR,1,Fogaça
NNIAMPEB,GB94PWCC25549795306315,MP,Gomes da Costa e Filhos,Etelvina Carneiro,1,Gomes da Costa e Filhos
NNIAMPEB,GB94PWCC25549795306315,MP,Gomes S.a. Costa e Filhos,,1,Gomes da Costa e Filhos
NVLOGPEF,DE43480447326234138827,GP,Coffey-Anderson,South Josephmouth US,0,Coffey-Anderson
NVLOGPEF,DE43480447326234138827,GP,Coffey Anderson,,0,Coffey-Anderson
NVLOGPEF,DE43480447326234138827,GP,Coffey Anderson S.c.a.r.l.,,0,Coffey-Anderson
NVLOGPEF,DE43480447326234138827,GP,Coffey  Anderson,,0,Coffey-Anderson
NVLOGPEF,DE43480447326234138827,GP,Coffey Anderson S.C.A.R.L.,,0,Coffey-Anderson
NVLOGPEF,DE43480447326234138827,GP,Coffey Anderson S.C.A.R.L.,South Josephmouth,0,Coffey-Anderson
NVLOGPEF,DE43480447326234138827,GP,Coffey Anderson SCARL,,0,Coffey-Anderson
NVLOGPEF,DE43480447326234138827,GP,Coffey. Anderson,,0,Coffey-Anderson
NVLOGPEF,DE43480447326234138827,GP,Coffey Anderson,Johnson Ports/1045 39530  South Josephmouth  (LA) US,0,Coffey-Anderson
NVLOGPEF,DE43480447326234138827,GP,Coffey Anderson S.C.A.R.L.,,0,Coffey-Anderson
XQQSMRIX,ES5428026244657709243279,MR,Talleres del Norte S.A.T.,,0,Talleres del Norte S.A.T.
XQQSMRIX,ES5428026244657709243279,MR,Talleres del Norte S.A.S.,,0,Talleres del Norte S.A.T.
HXSNCOBB,DE71450899352236161822,CO,Price-Campbell,West Allanton,0,Price-Campbell
HXSNCOBB,DE71450899352236161822,CO,Price Campbell S.U.,,0,Price-Campbell
HXSNCOBB,DE71450899352236161822,CO,Price Campbell,__,0,Price-Campbell
HXSNCOBB,DE71450899352236161822,CO,Price - Campbell,,0,Price-Campbell
HXSNCOBB,DE71450899352236161822,CO,Price  Campbell SA,Studio 7-Maureen pines West Allanton  W1 8YX,0,Price-Campbell
HXSNCOBB,DE71450899352236161822,CO,Price - Campbell,Uited Kingdom,0,Price-Campbell
HXSNCOBB,DE71450899352236161822,CO,Price Campbell S.C,,0,Price-Campbell
HXSNCOBB,DE71450899352236161822,CO,"Price Campbell,SC",,0,Price-Campbell
HXSNCOBB,DE71450899352236161822,CO,Price- Campbell,,0,Price-Campbell
HXSNCOBB,DE71450899352236161822,CO,"Price,Campbell",,0,Price-Campbell
HXSNCOBB,DE71450899352236161822,CO,Price Campbell SA,United Kingdom,0,Price-Campbell
ZZHBMKIP,IT45Y4225255199008053785980,MK,Camus,Mathieu-sur-Laurent France,1,Camus
ZZHBMKIP,IT45Y4225255199008053785980,MK,Camus SDF,61540  Mathieu-sur-Laurent,1,Camus
ZZHBMKIP,IT45Y4225255199008053785980,MK,Camus,,1,Camus
ZZHBMKIP,IT45Y4225255199008053785980,MK,Camus S.D.F.,rue Philippine Hoareau  Mathieu-sur-Laurent Mathieu-sur-Laurent Frnce,1,Camus
ZZHBMKIP,IT45Y4225255199008053785980,MK,Camus S.D.F.,Mathieu-sur-Laurent rue Philippine Hoareau  Mathieu-sur-Laurent,1,Camus
ZZHBMKIP,IT45Y4225255199008053785980,MK,Camus,,1,Camus
ZZHBMKIP,IT45Y4225255199008053785980,MK,Camus S.d.f.,,1,Camus
ZZHBMKIP,IT45Y4225255199008053785980,MK,Gomez S.A.S.,,1,Gomez S.A.S.
ZZHBMKIP,IT45Y4225255199008053785980,MK,Gomez-S.A.S..  Corp,,1,Gomez S.A.S.
HZTPPSFZ,IT31I6915915823616960075180,PS,"Palmisano, Viviani e Adinolfi s.r.l.",,1,"Palmisano, Viviani e Adinolfi s.r.l."
HZTPPSFZ,IT31I6915915823616960075180,PS,Finetti-Saracino Group,,1,Finetti-Saracino Group
HZTPPSFZ,IT31I6915915823616960075180,PS,Finetti Saracino Group,Strada BlasiAppartament 24 Mediglia (MI) IT,1,Finetti-Saracino Group
HZTPPSFZ,IT31I6915915823616960075180,PS,Finetti Saracino Group,,1,Finetti-Saracino Group
HZTPPSFZ,IT31I6915915823616960075180,PS,Finetti Saracino- Group,,1,Finetti-Saracino Group
HZTPPSFZ,IT31I6915915823616960075180,PS,Finetti Saracino Group,,1,Finetti-Saracino Group
HZTPPSFZ,IT31I6915915823616960075180,PS,Finetti Saracino Group,,1,Finetti-Saracino Group
HZTPPSFZ,IT31I6915915823616960075180,PS,Finetti Saracino Group,,1,Finetti-Saracino Group
HZTPPSFZ,IT31I6915915823616960075180,PS,Finetti Saracino Group,,1,Finetti-Saracino Group
HZTPPSFZ,IT31I6915915823616960075180,PS,Finetti Saracino Group,talia,1,Finetti-Saracino Group
SNKGCKOJ,ES5961933688626445466816,CK,"Calarco, Maffei e Ossola e figli",,1,"Calarco, Maffei e Ossola e figli"
SNKGCKOJ,ES5961933688626445466816,CK,"Calarco,.Maffei e Ossola figli",,1,"Calarco, Maffei e Ossola e figli"
SNKGCKOJ,ES5961933688626445466816,CK,"Calarco, Maffei Ossola e figli",,1,"Calarco, Maffei e Ossola e figli"
SNKGCKOJ,ES5961933688626445466816,CK,"Calarco, Maffei e Ossola e figli",,1,"Calarco, Maffei e Ossola e figli"
SNKGCKOJ,ES5961933688626445466816,CK,"Semitecolo, Meucci e Morandini s.r.l.",,1,"Semitecolo, Meucci e Morandini s.r.l."
SNKGCKOJ,ES5961933688626445466816,CK,"Semitecolo, Meucci e Morandini Srl",,1,"Semitecolo, Meucci e Morandini s.r.l."
SNKGCKOJ,ES5961933688626445466816,CK,"Semitecolo, Meucci e Morandini",,1,"Semitecolo, Meucci e Morandini s.r.l."
SNKGCKOJ,ES5961933688626445466816,CK,"Semitecolo, Meucci e Morandini SRL",,1,"Semitecolo, Meucci e Morandini s.r.l."
BEPZKHQY,FR2076453176532498448845613,KH,Havenbedrijf Rotterdam,,0,Havenbedrijf Rotterdam
BEPZKHQY,FR2076453176532498448845613,KH,Havenbedrijf  Rotterdam,Lindeweg Dearsum/Dearsum/NL,0,Havenbedrijf Rotterdam
BEPZKHQY,FR2076453176532498448845613,KH,Havenbedrijf  Rotterdam,Dearsum Netherlands,0,Havenbedrijf Rotterdam
BEPZKHQY,FR2076453176532498448845613,KH,Havenbedrijf Rotterdam,,0,Havenbedrijf Rotterdam
BEPZKHQY,FR2076453176532498448845613,KH,Havenbedrijf Rotterdam,,0,Havenbedrijf Rotterdam
ZRGVGYWK,GB70IZCL65871009670390,GY,Möchlichen,,0,Möchlichen
ZRGVGYWK,GB70IZCL65871009670390,GY,Möchlichen Ventures,,0,Möchlichen
ZRGVGYWK,GB70IZCL65871009670390,GY,Möchlichen Vnts.,*,0,Möchlichen
ZRGVGYWK,GB70IZCL65871009670390,GY,Möchlichen Vntrs.,Wilmsgasse/Berlin/BerlinGermany,0,Möchlichen
ZRGVGYWK,GB70IZCL65871009670390,GY,Möchlichen  Vnts.,,0,Möchlichen
ZRGVGYWK,GB70IZCL65871009670390,GY,Möchlichen Ventures,,0,Möchlichen
ZRGVGYWK,GB70IZCL65871009670390,GY,Möchlichen Vntrs,Germany,0,Möchlichen
ZRGVGYWK,GB70IZCL65871009670390,GY,Möchlichen Ventures,,0,Möchlichen
QIOEMGQT,ES4655365843097479034728,MG,Roberts LLC,,0,Roberts LLC
QIOEMGQT,ES4655365843097479034728,MG,Roberts,"07104,Jessemouth",0,Roberts LLC
QIOEMGQT,ES4655365843097479034728,MG,Roberts PLCC Industries,- -,0,Roberts LLC
QIOEMGQT,ES4655365843097479034728,MG,Roberts LLC,Alisha Isle 7171 07104 Jessemouth  United States,0,Roberts LLC
JNDNKZEG,ES3387136718886325178873,KZ,Mason-Hall,"Davidson mills82,Hughborough United Kingdom",0,Mason-Hall
JNDNKZEG,ES3387136718886325178873,KZ,Mason Hall,,0,Mason-Hall
JNDNKZEG,ES3387136718886325178873,KZ,Mason Hall,..,0,Mason-Hall
JNDNKZEG,ES3387136718886325178873,KZ,Mason Hall,,0,Mason-Hall
JNDNKZEG,ES3387136718886325178873,KZ,Mason Hall,,0,Mason-Hall
JNDNKZEG,ES3387136718886325178873,KZ,Mason Hall,,0,Mason-Hall
JNDNKZEG,ES3387136718886325178873,KZ,Mason Hall,,0,Mason-Hall
AXUQKMUO,FR7967022512569093632895765,KM,Gibilisco-Flaiano Group,Italia,0,Gibilisco-Flaiano Group
AXUQKMUO,FR7967022512569093632895765,KM,Gibilisco Flaiano Group -,02031  Castelnuovo Di Farfa,0,Gibilisco-Flaiano Group
BTVVIQQC,ES5273144710342331807796,IQ,Mendes e Filhos,Colégio Batita BR,0,Mendes e Filhos
BTVVIQQC,ES5273144710342331807796,IQ,Mendes e Filhos,,0,Mendes e Filhos
BTVVIQQC,ES5273144710342331807796,IQ,Mendes e Filhos,Colégio Batista BR,0,Mendes e Filhos
KVJVLCZE,DE60979177505288691218,LC,Mende GmbH & Co. KGaA,,0,Mende GmbH & Co. KGaA
KVJVLCZE,DE60979177505288691218,LC,Mende GmbH & Comp. KGaA,,0,Mende GmbH & Co. KGaA
PLOPBTAY,GB13ZOSM20861881038249,BT,Martins S.A.,,1,Martins S.A.
PLOPBTAY,GB13ZOSM20861881038249,BT,Martins S.p.A.,Parqe Viana 72  Acaba Mundo  73326407 Castro GO,1,Martins S.A.
PLOPBTAY,GB13ZOSM20861881038249,BT,Martins S.a.,# ##,1,Martins S.A.
PLOPBTAY,GB13ZOSM20861881038249,BT,Martins- S.U.,Brazil,1,Martins S.A.
PLOPBTAY,GB13ZOSM20861881038249,BT,Martins SA,,1,Martins S.A.
PLOPBTAY,GB13ZOSM20861881038249,BT,Dias - ME,,1,Dias - ME
PLOPBTAY,GB13ZOSM20861881038249,BT,Dias   ME,"SP Trevo Caldeira,Serra",1,Dias - ME
PLOPBTAY,GB13ZOSM20861881038249,BT,Farias S/A,,1,Farias S/A
NHAOFRNC,FR8947215213323217291603460,FR,Zimmer GmbH & Co. KG,,1,Zimmer GmbH & Co. KG
NHAOFRNC,FR8947215213323217291603460,FR,Zimmer GmbH & Comp.. KG,,1,Zimmer GmbH & Co. KG
NHAOFRNC,FR8947215213323217291603460,FR,Zimmer/GmbH &,,1,Zimmer GmbH & Co. KG
NHAOFRNC,FR8947215213323217291603460,FR,Zimmer GmbH &.,,1,Zimmer GmbH & Co. KG
NHAOFRNC,FR8947215213323217291603460,FR,Zimmer GmbH & KG,72797 Hildburghausen,1,Zimmer GmbH & Co. KG
NHAOFRNC,FR8947215213323217291603460,FR,Zimmer GmbH &,,1,Zimmer GmbH & Co. KG
NHAOFRNC,FR8947215213323217291603460,FR,Zimmer GmbH &,,1,Zimmer GmbH & Co. KG
NHAOFRNC,FR8947215213323217291603460,FR,Zimmer GmbH &,,1,Zimmer GmbH & Co. KG
NHAOFRNC,FR8947215213323217291603460,FR,Salz GmbH & Co. KGaA,,1,Salz GmbH & Co. KGaA
FZROSVDI,NL17XQGE1176245504,SV,Mazzocchi-Sabbatini SPA,,0,Mazzocchi-Sabbatini SPA
FZROSVDI,NL17XQGE1176245504,SV,Mazzocchi Sabbatini SPA,"Stretto Sylvia,Massalengo (LO) IT",0,Mazzocchi-Sabbatini SPA
FZROSVDI,NL17XQGE1176245504,SV,Mazzocchi Sabbatini SPA,,0,Mazzocchi-Sabbatini SPA
EJJGSCTL,IT91D3605585315725783900473,SC,Genoveva Sola Viñas S.L.N.E,,1,Genoveva Sola Viñas S.L.N.E
EJJGSCTL,IT91D3605585315725783900473,SC,Ibán Águila Girona S.Coop.,. .  .,1,Ibán Águila Girona S.Coop.
EJJGSCTL,IT91D3605585315725783900473,SC,Uribe y Cervera S.L.,,1,Uribe y Cervera S.L.
EJJGSCTL,IT91D3605585315725783900473,SC,Felipa Ferrán Sureda S.Com.,,1,Felipa Ferrán Sureda S.Com.
EJJGSCTL,IT91D3605585315725783900473,SC,Felipa Ferrán Sureda S.Com.,,1,Felipa Ferrán Sureda S.Com.
LLOQTOCD,GB06MEJO36962880701685,TO,"Diaz, Lane and Quinn",,0,"Diaz, Lane and Quinn"
LLOQTOCD,GB06MEJO36962880701685,TO,"Diaz, Lane Inds Quinn",,0,"Diaz, Lane and Quinn"
LLOQTOCD,GB06MEJO36962880701685,TO,"Diaz, Lane Inds Quinn",,0,"Diaz, Lane and Quinn"
LLOQTOCD,GB06MEJO36962880701685,TO,"Diaz, Lane Inds. Quinn",,0,"Diaz, Lane and Quinn"
HKSQAXPA,GB53PPVD00998556314014,AX,Weihmann,Germany,0,Weihmann
HKSQAXPA,GB53PPVD00998556314014,AX,Weihmann,,0,Weihmann
HKSQAXPA,GB53PPVD00998556314014,AX,Weihmann,Rädelallee 4013711  Neustrelitz,0,Weihmann
HKSQAXPA,GB53PPVD00998556314014,AX,Weihmann,Neustrelitz DE,0,Weihmann
HKSQAXPA,GB53PPVD00998556314014,AX,Weihmann,,0,Weihmann
HKSQAXPA,GB53PPVD00998556314014,AX,Weihman .,,0,Weihmann
HKSQAXPA,GB53PPVD00998556314014,AX,Weihmann,,0,Weihmann
GIHMJPRB,IT12R8115103845731977782552,JP,Renaud et Fils,boulevard e Deschamps 78 Labbé-la-Forêt-Labbé-la-Forêt/FR,1,Renaud et Fils
GIHMJPRB,IT12R8115103845731977782552,JP,Duhamel Marty S.A.,,1,Duhamel Marty S.A.
SKJDKHHE,FR4841779075483140209345211,KH,Costela,,0,Costela
SKJDKHHE,FR4841779075483140209345211,KH,Costela Sols.,,0,Costela
SKJDKHHE,FR4841779075483140209345211,KH,Costela .Sols,,0,Costela
SKJDKHHE,FR4841779075483140209345211,KH,Costela Solns,,0,Costela
SKJDKHHE,FR4841779075483140209345211,KH,Costela Solutions,Horto,0,Costela
SKJDKHHE,FR4841779075483140209345211,KH,Costela Solns,Lago de Cunha-PE HortoBrazil,0,Costela
SKJDKHHE,FR4841779075483140209345211,KH,Costela Solutions,Horto BR,0,Costela
SKJDKHHE,FR4841779075483140209345211,KH,Costela Solutions,Lago de Cunha PE  Horto PE/BR,0,Costela
VBOIPKA0,GB61GKOB93936553956064,PK,Cainero-Antonacci Group,,0,Cainero-Antonacci Group
VBOIPKA0,GB61GKOB93936553956064,PK,Cainero Antonacci Group S.P.A.,,0,Cainero-Antonacci Group
VBOIPKA0,GB61GKOB93936553956064,PK,Cainero Antonacci- Gr. SpA,,0,Cainero-Antonacci Group
VBOIPKA0,GB61GKOB93936553956064,PK,Cainero - Antonacci Group.,#,0,Cainero-Antonacci Group
VBOIPKA0,GB61GKOB93936553956064,PK,Cainero  Antonacci,Piazza Cristina Vomero/NA  IT,0,Cainero-Antonacci Group
VBOIPKA0,GB61GKOB93936553956064,PK,Cainero Antonacci Group SpA ,,0,Cainero-Antonacci Group
MDWJCKCW,GB21QMZE68615856949900,CK,Jimenez-Watson,X,1,Jimenez-Watson
MDWJCKCW,GB21QMZE68615856949900,CK,"Mack, Jackson and Melton",,1,"Mack, Jackson and Melton"
FZYHMTML,DE19955575817900391961,MT,Porto - EI,,1,Porto - EI
FZYHMTML,DE19955575817900391961,MT,Carvalho,,1,Carvalho
FZYHMTML,DE19955575817900391961,MT,da Paz Correia e Filhos,"RR,Praia de daRosa/Jardim Alvorada",1,da Paz Correia e Filhos
FZYHMTML,DE19955575817900391961,MT,Barbosa Barbosa S/A,,1,Barbosa Barbosa S/A
VRIGILEP,FR8412767706795827647562617,IL,Roman PLC,,1,Roman PLC
VRIGILEP,FR8412767706795827647562617,IL,Chapman-Walton,Port Christyberg,1,Chapman-Walton
VRIGILEP,FR8412767706795827647562617,IL,"Villa, Barnes and Wu",,1,"Villa, Barnes and Wu"
VRIGILEP,FR8412767706795827647562617,IL,"Villa, Barnes Inds. Wu",,1,"Villa, Barnes and Wu"
UMRDBEDH,NL05DLCQ3038310150,BE,Chubb,,0,Chubb
UMRDBEDH,NL05DLCQ3038310150,BE,Chubb,,0,Chubb
UMRDBEDH,NL05DLCQ3038310150,BE,Chubb S.N.C.,,0,Chubb
UMRDBEDH,NL05DLCQ3038310150,BE,Chubb.S.N.C.,,0,Chubb
DBRJMOYG,GB07QHIN70167499076076,MO,Stichting van den Berg,,0,Stichting van den Berg
DBRJMOYG,GB07QHIN70167499076076,MO,Stichting van  den Berg,,0,Stichting van den Berg
DBRJMOYG,GB07QHIN70167499076076,MO,Stichting van den Berg,Ossenwaard Netherlands,0,Stichting van den Berg
DBRJMOYG,GB07QHIN70167499076076,MO,Stichting  van den Berg,,0,Stichting van den Berg
DBRJMOYG,GB07QHIN70167499076076,MO,Stichting van den Berg,,0,Stichting van den Berg
DBRJMOYG,GB07QHIN70167499076076,MO,Stichting van den Berg,,0,Stichting van den Berg
MKBFDOGS,GB50LGVV13304344644159,DO,Prada-Dalla SPA,,1,Prada-Dalla SPA
MKBFDOGS,GB50LGVV13304344644159,DO,Prada Dalla SPA S.A.S.,,1,Prada-Dalla SPA
MKBFDOGS,GB50LGVV13304344644159,DO,Prada Dalla SPA. SAS,,1,Prada-Dalla SPA
MKBFDOGS,GB50LGVV13304344644159,DO,Prada Dalla- S.P.A-S.a.s,,1,Prada-Dalla SPA
MKBFDOGS,GB50LGVV13304344644159,DO,Bernetti-Spallanzani SPA,,1,Bernetti-Spallanzani SPA
MKBFDOGS,GB50LGVV13304344644159,DO,Bernetti - Spallanzani-SPA,,1,Bernetti-Spallanzani SPA
MKBFDOGS,GB50LGVV13304344644159,DO,Bernetti Spallanzani SPA,Italia,1,Bernetti-Spallanzani SPA
MKBFDOGS,GB50LGVV13304344644159,DO,Bernetti Spallanzani SPA,Italia,1,Bernetti-Spallanzani SPA
MKBFDOGS,GB50LGVV13304344644159,DO,"Saffi, Redi e Proietti SPA",,1,"Saffi, Redi e Proietti SPA"
MKBFDOGS,GB50LGVV13304344644159,DO,"Saffi, Redi  e Proietti S.a.p.a.",Sordio Italia,1,"Saffi, Redi e Proietti SPA"
MKBFDOGS,GB50LGVV13304344644159,DO,Scarponi-Petrucelli e figli,,1,Scarponi-Petrucelli e figli
GRJHJEQR,NL18KUTT9120607163,JE,Nascimento Campos - ME,,0,Nascimento Campos - ME
GRJHJEQR,NL18KUTT9120607163,JE,Nascimento Campos   ME - S.d.f.,Núcleo de Mendes ES-Apolonia (ES) BR,0,Nascimento Campos - ME
GRJHJEQR,NL18KUTT9120607163,JE,Nascimento Campos/  ME S.D.F.,Apolonia BR,0,Nascimento Campos - ME
GRJHJEQR,NL18KUTT9120607163,JE,Nascimento Campos  -  ME,Núcleo de Mendes ES Apolonia ES Brail,0,Nascimento Campos - ME
VQKTTGYG,FR4903267210585588085892082,TG,Verdier,rue Charles 2 Larochenec Larochenec FR,1,Verdier
VQKTTGYG,FR4903267210585588085892082,TG,Verdier,,1,Verdier
VQKTTGYG,FR4903267210585588085892082,TG,Tanguy Petit SA,,1,Tanguy Petit SA
VQKTTGYG,FR4903267210585588085892082,TG,Ferrand SARL,45 Camu  rue De Oliveira  Camus,1,Ferrand SARL
VQKTTGYG,FR4903267210585588085892082,TG,Ferrand S.R.L.,"45 Camusrue De Oliveira,Camus",1,Ferrand SARL
VQKTTGYG,FR4903267210585588085892082,TG,Ferrand,"rue De Oliveira,45 Camus,Camus/France",1,Ferrand SARL
VQKTTGYG,FR4903267210585588085892082,TG,Robin,Marion Fance,1,Robin
PCBHHUMB,ES8683254807894394539927,HU,Finanzas Tovar & Asociados S.L.,37568 Callejón de Adelia Chaparro 92 Piso Álava,0,Finanzas Tovar & Asociados S.L.
PCBHHUMB,ES8683254807894394539927,HU,Finanzas Tovar Asociados S.U.,Callejón de Adelia Chaparro 92 Piso-37568 Álava-Spain,0,Finanzas Tovar & Asociados S.L.
PCBHHUMB,ES8683254807894394539927,HU,Finanzas Tovar & Asociados,,0,Finanzas Tovar & Asociados S.L.
PCBHHUMB,ES8683254807894394539927,HU,Finanzas .Tovar & Asociados S.c,"Callejón de Adelia Chaparro 92 Piso,37568 Álva-ES",0,Finanzas Tovar & Asociados S.L.
PCBHHUMB,ES8683254807894394539927,HU,Finanzas Tovar & Asociados S.U.,Callejón de Adelia Chaparro 92 Piso 37568 Álava  ES,0,Finanzas Tovar & Asociados S.L.
PCBHHUMB,ES8683254807894394539927,HU,Finanzas .Tovar & Asociados S.C.,,0,Finanzas Tovar & Asociados S.L.
PCBHHUMB,ES8683254807894394539927,HU,Finanzas Tovar & Asociados,,0,Finanzas Tovar & Asociados S.L.
PCBHHUMB,ES8683254807894394539927,HU,Finanzas Tovar &-Asociados,.  ..  .,0,Finanzas Tovar & Asociados S.L.
PCBHHUMB,ES8683254807894394539927,HU,Finanzas Tovar & Asociados .SA,,0,Finanzas Tovar & Asociados S.L.
PCBHHUMB,ES8683254807894394539927,HU,Finanzas Tovar & Asociados,,0,Finanzas Tovar & Asociados S.L.
PCBHHUMB,ES8683254807894394539927,HU,Finanzas Tovar  & S.C.,,0,Finanzas Tovar & Asociados S.L.
WRYIQAES,GB54GBXB84656385010833,QA,Taboada y asociados S.A.,,0,Taboada y asociados S.A.
WRYIQAES,GB54GBXB84656385010833,QA,Taboada y asociados,Cáceres Spain,0,Taboada y asociados S.A.
WRYIQAES,GB54GBXB84656385010833,QA,Taboada y. asociados,Via de Gabino Crespi 140 Puerta  04592  Cáceres Spain,0,Taboada y asociados S.A.
WRYIQAES,GB54GBXB84656385010833,QA,Taboada  y asociados S.p.A.,Cáceres ES,0,Taboada y asociados S.A.
WRYIQAES,GB54GBXB84656385010833,QA,Taboada y asociados-S.a.s.,,0,Taboada y asociados S.A.
WRYIQAES,GB54GBXB84656385010833,QA,Taboada y asociados,,0,Taboada y asociados S.A.
WRYIQAES,GB54GBXB84656385010833,QA,Taboada y .asociados S.a.s.,,0,Taboada y asociados S.A.
WADIGNVE,GB27XOLW67054535195085,GN,Thomas Browning S.c.,18540Victoriastad,0,Thomas-Browning
WADIGNVE,GB27XOLW67054535195085,GN,Thomas Browning,,0,Thomas-Browning
WADIGNVE,GB27XOLW67054535195085,GN,Thomas Browning S.U.,,0,Thomas-Browning
WADIGNVE,GB27XOLW67054535195085,GN,Thomas Browning,Victoriastad United States,0,Thomas-Browning
WADIGNVE,GB27XOLW67054535195085,GN,Thomas.Browning S.C.,XX X,0,Thomas-Browning
WADIGNVE,GB27XOLW67054535195085,GN,Thomas Browning S.U.,,0,Thomas-Browning
WADIGNVE,GB27XOLW67054535195085,GN,Thomas Browning/,,0,Thomas-Browning
WADIGNVE,GB27XOLW67054535195085,GN,Thomas Browning SC,ictoriastad,0,Thomas-Browning
WADIGNVE,GB27XOLW67054535195085,GN,Thomas Browning S.C.,"44760  Wong Trafficway Victoriastad,CO 18540",0,Thomas-Browning
WADIGNVE,GB27XOLW67054535195085,GN,"Thomas- Browning,S.U.",,0,Thomas-Browning
TQINNLAB,ES3277034188089069374667,NL,Parent S.A.S.,,1,Parent S.A.S.
TQINNLAB,ES3277034188089069374667,NL,Parent-,"chemin Rivière,4 Saint Anoukdan Saint AnoukdanFR",1,Parent S.A.S.
TQINNLAB,ES3277034188089069374667,NL,Blanc SA,616 Salmo  boulevard de ValletSalmon,1,Blanc SA
TQINNLAB,ES3277034188089069374667,NL,Bonnet S.A.R.L.,89846 Dumas,1,Bonnet S.A.R.L.
TQINNLAB,ES3277034188089069374667,NL,Bonnet S.A.R.L.,,1,Bonnet S.A.R.L.
TQINNLAB,ES3277034188089069374667,NL,Bonnet S.c.a.r.l LTd.,,1,Bonnet S.A.R.L.
TQINNLAB,ES3277034188089069374667,NL,Brunet,,1,Brunet
TSNETTAV,ES2234911265153637585761,TT,Radisch Hellwig Stiftung & Co. KG,,0,Radisch Hellwig Stiftung & Co. KG
TSNETTAV,ES2234911265153637585761,TT,"Radisch Hellwig Stiftung &,",,0,Radisch Hellwig Stiftung & Co. KG
TSNETTAV,ES2234911265153637585761,TT,Radisch Hellwig Stiftung & Co KG,HesseplatzCalau Calau DE,0,Radisch Hellwig Stiftung & Co. KG
TSNETTAV,ES2234911265153637585761,TT,Radisch Hellwig Stiftung & Company KG,,0,Radisch Hellwig Stiftung & Co. KG
TSNETTAV,ES2234911265153637585761,TT,Radisch Hellwig Stiftung &,Hesseplatz-39 73737  Calau,0,Radisch Hellwig Stiftung & Co. KG
TSNETTAV,ES2234911265153637585761,TT,Radisch Hellwig Stiftung- &,,0,Radisch Hellwig Stiftung & Co. KG
KAVKKMIT,ES3555639676047417859499,KM,Koninklijke Hehl,Jacobsteeg  Hoogmade/Hoogmade NL,0,Koninklijke Hehl
KAVKKMIT,ES3555639676047417859499,KM,Koninklijke Hehl,"Hoogmade,Jacobsteeg/Hoogmade",0,Koninklijke Hehl
KAVKKMIT,ES3555639676047417859499,KM,Koninklijke Hehl,,0,Koninklijke Hehl
CFHWGTNC,FR7550845555895488550293583,GT,Rezende - EI,,0,Rezende - EI
CFHWGTNC,FR7550845555895488550293583,GT,Rezende-   EI S.C,,0,Rezende - EI
ERTIKHDQ,GB96OPVW34793055071046,KH,Moreira,,0,Moreira
ERTIKHDQ,GB96OPVW34793055071046,KH,Moreira S.c.  r l,Vila Da Amizade,0,Moreira
ERTIKHDQ,GB96OPVW34793055071046,KH,Moreira S.a. r .l,Vila Da Amizade,0,Moreira
ERTIKHDQ,GB96OPVW34793055071046,KH,Moreira- S.c. r l,,0,Moreira
ERTIKHDQ,GB96OPVW34793055071046,KH,Moreira-S.a. r  l,,0,Moreira
ERTIKHDQ,GB96OPVW34793055071046,KH,Moreira,Sítio Azevedo/50Vila Da Amizade/43851-867 Ramos de MartinsBA,0,Moreira
ERTIKHDQ,GB96OPVW34793055071046,KH,Moreira,BA/Sítio Azevedo Vila Da Amizade,0,Moreira
ERTIKHDQ,GB96OPVW34793055071046,KH,Moreira S.a. - r l,,0,Moreira
ERTIKHDQ,GB96OPVW34793055071046,KH,Moreira-,Brazil,0,Moreira
ERTIKHDQ,GB96OPVW34793055071046,KH,Moreira  S.C r l,,0,Moreira
ERTIKHDQ,GB96OPVW34793055071046,KH,Moreira S.c  r-l,,0,Moreira
WBTPBMLO,IT03M6198900276553280416068,BM,Jacobs DE,7935GX Abbenes,1,Jacobs DE
WBTPBMLO,IT03M6198900276553280416068,BM,Verbeek NV,,1,Verbeek NV
RRWMATDL,IT36L6328412220987005908783,AT,da Conceição Carvalho S.A.,,1,da Conceição Carvalho S.A.
RRWMATDL,IT36L6328412220987005908783,AT,Ribeiro,85822659 Barros da Prata  Marçola,1,Ribeiro
RRWMATDL,IT36L6328412220987005908783,AT,Ribeiro  SAS,-  - - -,1,Ribeiro
RRWMATDL,IT36L6328412220987005908783,AT,Ribeiro SAS,,1,Ribeiro
RRWMATDL,IT36L6328412220987005908783,AT,Araújo S.A.,Silveira Brazil,1,Araújo S.A.
RRWMATDL,IT36L6328412220987005908783,AT,Barbosa,,1,Barbosa
HNWJNCLV,FR7205556030763059004387705,NC,Construcción del Levante S.C.P,,1,Construcción del Levante S.C.P
HNWJNCLV,FR7205556030763059004387705,NC,Gutierrez y asociados S.C.P,,1,Gutierrez y asociados S.C.P
VTICSJH2,GB59RQIS47758512369374,SJ,Lopes - EI,,1,Lopes - EI
VTICSJH2,GB59RQIS47758512369374,SJ,Lopes   EI PLC ,,1,Lopes - EI
VTICSJH2,GB59RQIS47758512369374,SJ,Lopes .  EI P.L.C,Candelaria,1,Lopes - EI
VTICSJH2,GB59RQIS47758512369374,SJ,Lopes   EI Public Limited Company,Brazil,1,Lopes - EI
VTICSJH2,GB59RQIS47758512369374,SJ,Lopes   EI,,1,Lopes - EI
VTICSJH2,GB59RQIS47758512369374,SJ,Lopes   EI,"Vereda Noah da Mata PB Candelaria,razil",1,Lopes - EI
VTICSJH2,GB59RQIS47758512369374,SJ,Carvalho,"Residencial de Ribeiro  AP,Vila Independencia 1ª Seção  Brazil",1,Carvalho
VTICSJH2,GB59RQIS47758512369374,SJ,Peixoto Ltda.,,1,Peixoto Ltda.
FZHWBWGX,DE02223875448295526194,BW,van der Pol BV,,0,van der Pol BV
FZHWBWGX,DE02223875448295526194,BW,van der Pol BV,Papendrecht NL,0,van der Pol BV
FZHWBWGX,DE02223875448295526194,BW,van der.Pol BV,Papendrect Netherlands,0,van der Pol BV
FZHWBWGX,DE02223875448295526194,BW,van der Pol BV,,0,van der Pol BV
FZHWBWGX,DE02223875448295526194,BW,van der Pol BV,,0,van der Pol BV
FZHWBWGX,DE02223875448295526194,BW,van der Pol BV,Papendrecht,0,van der Pol BV
FZHWBWGX,DE02223875448295526194,BW,van der BV,,0,van der Pol BV
PXRQADBS,GB21DKGC42264522367246,AD,Mendes,,0,Mendes
PXRQADBS,GB21DKGC42264522367246,AD,Mendes.PLC ,,0,Mendes
PXRQADBS,GB21DKGC42264522367246,AD,Mendes P.L.C,,0,Mendes
PXRQADBS,GB21DKGC42264522367246,AD,Mendes Public Limited  Company,,0,Mendes
PXRQADBS,GB21DKGC42264522367246,AD,Mendes,Morro MonteiroMTVila Santo Antônio BarroquinhaMT BR,0,Mendes
JLIENUTZ,GB81KCPJ99384376869178,NU,Ditschlerin GmbH & Co. KG,,0,Ditschlerin GmbH & Co. KG
JLIENUTZ,GB81KCPJ99384376869178,NU,Ditschlerin GmbH &,,0,Ditschlerin GmbH & Co. KG
JLIENUTZ,GB81KCPJ99384376869178,NU,Ditschlerin GmbH & KG,,0,Ditschlerin GmbH & Co. KG
JLIENUTZ,GB81KCPJ99384376869178,NU,Ditschlerin GmbH &,,0,Ditschlerin GmbH & Co. KG
JLIENUTZ,GB81KCPJ99384376869178,NU,Ditschlerin- GmbH & Comp. KG,,0,Ditschlerin GmbH & Co. KG
JLIENUTZ,GB81KCPJ99384376869178,NU,Ditschlerin GmbH. & Comp. KG,Brlon  Girschnerstraße Brilon,0,Ditschlerin GmbH & Co. KG
JLIENUTZ,GB81KCPJ99384376869178,NU,Ditschlerin GmbH  &,,0,Ditschlerin GmbH & Co. KG
JLIENUTZ,GB81KCPJ99384376869178,NU,Ditschlerin GmbH & Co. KG,,0,Ditschlerin GmbH & Co. KG
JLIENUTZ,GB81KCPJ99384376869178,NU,Ditschlerin GmbH &-KG,,0,Ditschlerin GmbH & Co. KG
JLIENUTZ,GB81KCPJ99384376869178,NU,Ditschlerin GmbH & Co. KG,,0,Ditschlerin GmbH & Co. KG
JLIENUTZ,GB81KCPJ99384376869178,NU,Ditschlerin GmbH &,,0,Ditschlerin GmbH & Co. KG
BLKFBTCU,GB22MARB69753766932319,BT,Patberg,,0,Patberg
BLKFBTCU,GB22MARB69753766932319,BT,Patberg Company,Germany,0,Patberg
BLKFBTCU,GB22MARB69753766932319,BT,Patberg,Radischring  Jüterbog/Jüterbog DE,0,Patberg
BLKFBTCU,GB22MARB69753766932319,BT,Patberg Company,,0,Patberg
BLBAMHVW,GB29ONQO05101717745106,MH,Anderson LLC,West Nathan GB,0,Anderson LLC
BLBAMHVW,GB29ONQO05101717745106,MH,Anderson Pvt. Ltd S.C,Connor mountains  West Nathan,0,Anderson LLC
IZPPTCRS,FR7143133966534360085746419,TC,Mascagni e figli,,0,Mascagni e figli
IZPPTCRS,FR7143133966534360085746419,TC,Mascagni e figli,04016 Borgo Vodice,0,Mascagni e figli
IZPPTCRS,FR7143133966534360085746419,TC,Mascagni e figli,,0,Mascagni e figli
IZPPTCRS,FR7143133966534360085746419,TC,Mascagni e figli,,0,Mascagni e figli
IZPPTCRS,FR7143133966534360085746419,TC,Mascagni  e,,0,Mascagni e figli
IZPPTCRS,FR7143133966534360085746419,TC,Mascagni e figli,,0,Mascagni e figli
IZPPTCRS,FR7143133966534360085746419,TC,Mascagni e,Strada Regge/925-Piano 5 04016  Borgo VodiceLT,0,Mascagni e figli
IZPPTCRS,FR7143133966534360085746419,TC,Mascagni e figli,,0,Mascagni e figli
CWZELUPN,IT97P3385190905442215187821,LU,Farias,,0,Farias
CWZELUPN,IT97P3385190905442215187821,LU,Far-as,,0,Farias
CWZELUPN,IT97P3385190905442215187821,LU,Fari.s,Novo Glória BR,0,Farias
CWZELUPN,IT97P3385190905442215187821,LU,Farias,,0,Farias
CWZELUPN,IT97P3385190905442215187821,LU,Fari - s,Campo de Gomes PE-Novo Glóia (PE) BR,0,Farias
CWZELUPN,IT97P3385190905442215187821,LU,Farias,,0,Farias
CWZELUPN,IT97P3385190905442215187821,LU,Farias,"Campo de Gomes,74  Novo Glória 88606276 Ramos de JesusPE",0,Farias
RYYSCIOC,GB09QFLS34072396774412,CI,Monteiro - EI,96013918 Campos da Serra  Pantana,1,Monteiro - EI
RYYSCIOC,GB09QFLS34072396774412,CI,Monteiro  -EI Pvt Ltd.,,1,Monteiro - EI
RYYSCIOC,GB09QFLS34072396774412,CI,"Monteiro  . EI Pvt,",,1,Monteiro - EI
RYYSCIOC,GB09QFLS34072396774412,CI,"Monteiro   EI,Pvt LTD",,1,Monteiro - EI
RYYSCIOC,GB09QFLS34072396774412,CI,Monteiro   EI Pvt,96013918 Campos da Serra Pantanal,1,Monteiro - EI
RYYSCIOC,GB09QFLS34072396774412,CI,Monteiro   EI Pvt,,1,Monteiro - EI
RYYSCIOC,GB09QFLS34072396774412,CI,Monteiro   EI Pvt Ltée,-,1,Monteiro - EI
RYYSCIOC,GB09QFLS34072396774412,CI,Jesus Azevedo S.A.,SC Trevo de Lima-Vila De Sá,1,Jesus Azevedo S.A.
RYYSCIOC,GB09QFLS34072396774412,CI,Jesus  Azevedo,,1,Jesus Azevedo S.A.
RYYSCIOC,GB09QFLS34072396774412,CI,Viana Ferreira Ltda.,,1,Viana Ferreira Ltda.
RYYSCIOC,GB09QFLS34072396774412,CI,Viana Ferreira Ltée,,1,Viana Ferreira Ltda.
RUUYGFHD,ES1690991605377531000885,GF,Hermanos Sanjuan S.A.,,1,Hermanos Sanjuan S.A.
RUUYGFHD,ES1690991605377531000885,GF,Farmaceútica Avanzadas S.A.,,1,Farmaceútica Avanzadas S.A.
RUUYGFHD,ES1690991605377531000885,GF,Farmaceútica Avanzadas/,,1,Farmaceútica Avanzadas S.A.
RUUYGFHD,ES1690991605377531000885,GF,Supermercados Martin y asociados S.A.,,1,Supermercados Martin y asociados S.A.
RUUYGFHD,ES1690991605377531000885,GF,Supermercados Martin asociados S.p.A.,,1,Supermercados Martin y asociados S.A.
RUUYGFHD,ES1690991605377531000885,GF,Supermercados Martin. y asociados,,1,Supermercados Martin y asociados S.A.
RUUYGFHD,ES1690991605377531000885,GF,Supermercados Martin y asociados,,1,Supermercados Martin y asociados S.A.
DYKDBNK1,IT06H3080303659994398897934,BN,"Tirabassi, Balotelli e Monti e figli",,0,"Tirabassi, Balotelli e Monti e figli"
DYKDBNK1,IT06H3080303659994398897934,BN,"Tirabassi, Balotelli e e figli",,0,"Tirabassi, Balotelli e Monti e figli"
DYKDBNK1,IT06H3080303659994398897934,BN,"Tirabassi, Balotelli e- Monti e figli",20062  Cassano D'Adda,0,"Tirabassi, Balotelli e Monti e figli"
HKWWMHNY,FR4648683783091517027329099,MH,Hill Inc,,1,Hill Inc
HKWWMHNY,FR4648683783091517027329099,MH,"Huffman, Johnson and Norris",,1,"Huffman, Johnson and Norris"
SCVGDJWF,IT54M3592436354677957311575,DJ,Jones Ltd,,0,Jones Ltd
SCVGDJWF,IT54M3592436354677957311575,DJ,Jones/,,0,Jones Ltd
SCVGDJWF,IT54M3592436354677957311575,DJ,Jones- Ltd P.L.C,,0,Jones Ltd
SCVGDJWF,IT54M3592436354677957311575,DJ,Jones Ltd Public,Studio 84-Abigail ridge Thompsonvie  W88 9QJ,0,Jones Ltd
SCVGDJWF,IT54M3592436354677957311575,DJ,Jones,Abigail ridge Thompsonview United Kingdom,0,Jones Ltd
SCVGDJWF,IT54M3592436354677957311575,DJ,Jones,Thompsonview GB,0,Jones Ltd
PAEISEPR,ES4629371850517026727341,SE,Stoffelsz Groep,,0,Stoffelsz Groep
PAEISEPR,ES4629371850517026727341,SE,Stoffelsz,,0,Stoffelsz Groep
PAEISEPR,ES4629371850517026727341,SE,Stoffelsz Gr.,,0,Stoffelsz Groep
PAEISEPR,ES4629371850517026727341,SE,Stoffelsz-,,0,Stoffelsz Groep
PAEISEPR,ES4629371850517026727341,SE,Stoffelsz Gr.,,0,Stoffelsz Groep
PAEISEPR,ES4629371850517026727341,SE,Stoffelsz,,0,Stoffelsz Groep
PAEISEPR,ES4629371850517026727341,SE,Stoffelsz Grp.,,0,Stoffelsz Groep
PAEISEPR,ES4629371850517026727341,SE,Stoffelsz.,,0,Stoffelsz Groep
PAEISEPR,ES4629371850517026727341,SE,Stoffelsz Gr.,"Vajènstraat-Schoondijke Schoondijke,Netherlands",0,Stoffelsz Groep
MFNAAUE1,GB91QOEZ53797671884964,AU,White-Anderson,United States,0,White-Anderson
MFNAAUE1,GB91QOEZ53797671884964,AU,White Anderson,United States,0,White-Anderson
MFNAAUE1,GB91QOEZ53797671884964,AU,White Anderson,Nunezbury United States,0,White-Anderson
MFNAAUE1,GB91QOEZ53797671884964,AU,White Anderson,,0,White-Anderson
MFNAAUE1,GB91QOEZ53797671884964,AU,White Anderson,"Gonzales Drives 9617 12586 Nunezbury/(PA),United States",0,White-Anderson
MFNAAUE1,GB91QOEZ53797671884964,AU,White.Anderson,,0,White-Anderson
MFNAAUE1,GB91QOEZ53797671884964,AU,White Anderson,"Gonzales Drives9617 12586  Nunezbury PA,United States",0,White-Anderson
MFNAAUE1,GB91QOEZ53797671884964,AU,White Anderson,12586 Nunezbury,0,White-Anderson
MFNAAUE1,GB91QOEZ53797671884964,AU,White Anderson,,0,White-Anderson
