BIC,AccountNumber,CTRYbnk,Name,Address,IsShared,Holder
UOURUZDB,GB16BHMQ16553217644540,UZ,Sauro-Udinese s.r.l.,,1,Sauro-Udinese s.r.l.
UOURUZDB,GB16BHMQ16553217644540,UZ,Sauro Udinese SRL Cpn.,,1,Sauro-Udinese s.r.l.
UOURUZDB,GB16BHMQ16553217644540,UZ,Sauro Udinese,"Appartamento ,Strada Pizzo,Perfugas",1,Sauro-Udinese s.r.l.
UOURUZDB,GB16BHMQ16553217644540,UZ,Sauro Udinese S.R.L.-Cpn.,,1,Sauro-Udinese s.r.l.
UOURUZDB,GB16BHMQ16553217644540,UZ,Gabba-Angeli s.r.l.,,1,Gabba-Angeli s.r.l.
TLBFKRAA,GB33YQIA31366713536223,KR,Daniels-Reilly,West Matthew,1,Daniels-Reilly
TLBFKRAA,GB33YQIA31366713536223,KR,Mcclure PLC,"Michelle Keys 37472 44154/ake William,(NJ)/United States",1,Mcclure PLC
WHWXSBS1,GB93TJXH64400387022361,SB,Butler Ltd,,0,Butler Ltd
WHWXSBS1,GB93TJXH64400387022361,SB,Butler Ltd,"Johnson garden  697,New Francis GB",0,Butler Ltd
WHWXSBS1,GB93TJXH64400387022361,SB,Butler LTD  S.P.A,,0,Butler Ltd
WHWXSBS1,GB93TJXH64400387022361,SB,Butler,New Francis GB,0,Butler Ltd
WHWXSBS1,GB93TJXH64400387022361,SB,Butler Ltd S.P.A,,0,Butler Ltd
WHWXSBS1,GB93TJXH64400387022361,SB,Butler,,0,Butler Ltd
WHWXSBS1,GB93TJXH64400387022361,SB,Butler,,0,Butler Ltd
WHWXSBS1,GB93TJXH64400387022361,SB,Butler,Johnson garden/697 New Francis  GB,0,Butler Ltd
WHWXSBS1,GB93TJXH64400387022361,SB,Butler Limited S.P.A,,0,Butler Ltd
WHWXSBS1,GB93TJXH64400387022361,SB,Butler- Ltd,,0,Butler Ltd
WHWXSBS1,GB93TJXH64400387022361,SB,Butler,,0,Butler Ltd
XRUFSOGX,NL50RRER7183578076,SO,Landal Greenparks,/ / /,0,Landal Greenparks
XRUFSOGX,NL50RRER7183578076,SO,Landal. Greenparks,,0,Landal Greenparks
XRUFSOGX,NL50RRER7183578076,SO,Landal/Greenparks,& &  &,0,Landal Greenparks
XRUFSOGX,NL50RRER7183578076,SO,Landal Greenparks,,0,Landal Greenparks
XRUFSOGX,NL50RRER7183578076,SO,Landal Greenparks,Netherlands,0,Landal Greenparks
XRUFSOGX,NL50RRER7183578076,SO,Landal Greenparks,,0,Landal Greenparks
XRUFSOGX,NL50RRER7183578076,SO,Landal Greenparks,,0,Landal Greenparks
XRUFSOGX,NL50RRER7183578076,SO,Landal Greenparks,,0,Landal Greenparks
ABXUCLET,GB34HMMG27800211831890,CL,Comercial Acuña & Asociados S.L.,,1,Comercial Acuña & Asociados S.L.
ABXUCLET,GB34HMMG27800211831890,CL,Albert Guzman López S.Com.,,1,Albert Guzman López S.Com.
ABXUCLET,GB34HMMG27800211831890,CL,Albert Guzman S.Com.,,1,Albert Guzman López S.Com.
ABXUCLET,GB34HMMG27800211831890,CL,Albert Guzman López S.Com.,,1,Albert Guzman López S.Com.
ABXUCLET,GB34HMMG27800211831890,CL,Pedrero & Asociados S.A.,Vial de Reina Rico  871-Segovia 43923,1,Pedrero & Asociados S.A.
ORQGNUJW,GB92QAGP74488643536649,NU,Tomei-Baglioni Group,"Viale Gargallo,59 Piano 310099 San Mauro Torinese-TO",0,Tomei-Baglioni Group
ORQGNUJW,GB92QAGP74488643536649,NU,Tomei Baglioni Group S.D.F.,Viale Gargallo-59 Piano 3/10099  San Mauro TorineseTO,0,Tomei-Baglioni Group
PXWTNPXH,NL98EFCB5302102257,NP,Brandt NV,"Indybaan  Tinallinge Tinallinge,Netherlands",0,Brandt NV
PXWTNPXH,NL98EFCB5302102257,NP,Brandt NV .Limited,Tinallinge Netherlands,0,Brandt NV
PXWTNPXH,NL98EFCB5302102257,NP,Brandt NV/,,0,Brandt NV
PXWTNPXH,NL98EFCB5302102257,NP,Brandt NV LTD,Tinallinge,0,Brandt NV
PXWTNPXH,NL98EFCB5302102257,NP,Brandt .NV Limited,Netherlands,0,Brandt NV
PXWTNPXH,NL98EFCB5302102257,NP,Brandt NV Ltée,,0,Brandt NV
PXWTNPXH,NL98EFCB5302102257,NP,Brandt NV,Netherlands,0,Brandt NV
UDXJSRNY,ES5822859546604116548760,SR,Lima,,1,Lima
UDXJSRNY,ES5822859546604116548760,SR,Novaes - EI,Brazil,1,Novaes - EI
UDXJSRNY,ES5822859546604116548760,SR,da Paz,,1,da Paz
UDXJSRNY,ES5822859546604116548760,SR,Cunha da Luz Ltda.,,1,Cunha da Luz Ltda.
JXHTFJKS,DE83875047721632799230,FJ,Mejia-Butler,,0,Mejia-Butler
JXHTFJKS,DE83875047721632799230,FJ,Mejia Butler .S.R.L.,,0,Mejia-Butler
JXHTFJKS,DE83875047721632799230,FJ,Mejia Butler,33403 Chad Ranch Apt. 910 Jacquelinestad  VA41234,0,Mejia-Butler
JXHTFJKS,DE83875047721632799230,FJ,Mejia Butler,Jacquelinestad US,0,Mejia-Butler
JXHTFJKS,DE83875047721632799230,FJ,Mejia Butler S.r.L,,0,Mejia-Butler
JXHTFJKS,DE83875047721632799230,FJ,"Mejia Butler,",Chad Ranch Apt. 910 33403 41234Jacquelinestad VA  United States,0,Mejia-Butler
JXHTFJKS,DE83875047721632799230,FJ,Mejia  Butler S.r.L,,0,Mejia-Butler
JXHTFJKS,DE83875047721632799230,FJ,Mejia .Butler S.R.L.,41234  Jacquelinestad,0,Mejia-Butler
JXHTFJKS,DE83875047721632799230,FJ,Mejia Butler,Chad Ranch Apt. 91033403 41234 Jacquelinestad  United States,0,Mejia-Butler
JXHTFJKS,DE83875047721632799230,FJ,Mejia Butler S.R.L.,,0,Mejia-Butler
JXHTFJKS,DE83875047721632799230,FJ,Mejia Butler,,0,Mejia-Butler
NSGGGFFE,GB25AXEN26405949261887,GF,Lemonnier,,1,Lemonnier
NSGGGFFE,GB25AXEN26405949261887,GF,Lemonnier.Corp.,,1,Lemonnier
NSGGGFFE,GB25AXEN26405949261887,GF,Guichard,#,1,Guichard
NSGGGFFE,GB25AXEN26405949261887,GF,Guichard SNC,,1,Guichard
NSGGGFFE,GB25AXEN26405949261887,GF,Guichard  SNC,,1,Guichard
XVOVIEYW,NL29UEJS2395333126,IE,Vega Ltd,Port Jasmineshire United States,1,Vega Ltd
XVOVIEYW,NL29UEJS2395333126,IE,Peterson-Clay,62492 Simmonsview,1,Peterson-Clay
XVOVIEYW,NL29UEJS2395333126,IE,Peterson  Clay,62492  Simmonsview,1,Peterson-Clay
XVOVIEYW,NL29UEJS2395333126,IE,Peterson Clay,Elaine Extension  62217 62492/Simmonsview United States,1,Peterson-Clay
QPZIVGZE,IT61Q4990832524348328428366,VG,Huls & Slaetsdochter,Netherlands,1,Huls & Slaetsdochter
QPZIVGZE,IT61Q4990832524348328428366,VG,DSM,Yerseke Aydeweg Yerseke,1,DSM
CTXQIOIY,IT64Q6583922842209301690304,IO,"Jones, Morrison and Wallace",,1,"Jones, Morrison and Wallace"
CTXQIOIY,IT64Q6583922842209301690304,IO,"Holloway, Clarke and Middleton",,1,"Holloway, Clarke and Middleton"
CTXQIOIY,IT64Q6583922842209301690304,IO,"Holloway, Clarke - Ind. Middleton",&,1,"Holloway, Clarke and Middleton"
CTXQIOIY,IT64Q6583922842209301690304,IO,"Holloway,  Clarke- Inds Middleton",,1,"Holloway, Clarke and Middleton"
KQZSSJPM,GB39LWNU61367291913135,SJ,Pearson Ltd,New Antony GB,0,Pearson Ltd
KQZSSJPM,GB39LWNU61367291913135,SJ,Pearson Ltd,Warren fall  New Antony,0,Pearson Ltd
KQZSSJPM,GB39LWNU61367291913135,SJ,Pearson  Ltée Cpn,,0,Pearson Ltd
KQZSSJPM,GB39LWNU61367291913135,SJ,Pearson Ltée Cpn,,0,Pearson Ltd
KQZSSJPM,GB39LWNU61367291913135,SJ,Pearson Ltd Corp,,0,Pearson Ltd
KQZSSJPM,GB39LWNU61367291913135,SJ,Pearson Ltd Corp,New Antony GB,0,Pearson Ltd
KQZSSJPM,GB39LWNU61367291913135,SJ,Pearson Ltd Cpn,,0,Pearson Ltd
KQZSSJPM,GB39LWNU61367291913135,SJ,Pearson Ltd,Warren falls  New Antony,0,Pearson Ltd
MTSMCVSS,FR6047137379199327398636684,CV,da Costa,,1,da Costa
MTSMCVSS,FR6047137379199327398636684,CV,Alves Ltda.,,1,Alves Ltda.
KTBLCHBM,GB80UVIV45874214530291,CH,Schäfer,,0,Schäfer
KTBLCHBM,GB80UVIV45874214530291,CH,Schäfer SA,,0,Schäfer
KTBLCHBM,GB80UVIV45874214530291,CH,Schäfer- S.a.,,0,Schäfer
KTBLCHBM,GB80UVIV45874214530291,CH,Schäfer,,0,Schäfer
LZCTCVWS,FR9633801940589414616507284,CV,Harris LLC,,1,Harris LLC
LZCTCVWS,FR9633801940589414616507284,CV,"Perez, Stevens and Ward",,1,"Perez, Stevens and Ward"
EDCFRUCJ,ES7576735118131444401314,RU,Mendes,,1,Mendes
EDCFRUCJ,ES7576735118131444401314,RU,Mendes,,1,Mendes
EDCFRUCJ,ES7576735118131444401314,RU,Mendes,,1,Mendes
EDCFRUCJ,ES7576735118131444401314,RU,Silveira,,1,Silveira
EDCFRUCJ,ES7576735118131444401314,RU,Azevedo,26459-818 Vieira de da Paz  Mangueiras,1,Azevedo
EDCFRUCJ,ES7576735118131444401314,RU,da Rocha Santos - ME,Primeiro De Maio Brazil,1,da Rocha Santos - ME
EDCFRUCJ,ES7576735118131444401314,RU,S.A Rocha Santos   ME S.N.C,,1,da Rocha Santos - ME
UYOTKRGR,GB11EUQA98261765530902,KR,Eimer,Ziegertgasse MünchenMünchen  Germany,0,Eimer
UYOTKRGR,GB11EUQA98261765530902,KR,Eimer,,0,Eimer
UYOTKRGR,GB11EUQA98261765530902,KR,Eimer  Ind,,0,Eimer
TDSESDLK,ES8228277544001239652278,SD,da Mota,,1,da Mota
TDSESDLK,ES8228277544001239652278,SD,Costela,"Praia de Lopes,SC  Paulo Vi,Brazil",1,Costela
YLATVUTG,IT28L9810779247875338972905,VU,Harris-Evans,Stevenson mountain North Albert-GB,0,Harris-Evans
YLATVUTG,IT28L9810779247875338972905,VU,Harris Evans,Stevenson mountain North Albert GB,0,Harris-Evans
HPPGUMUX,GB07DJMS51191057486005,UM,"Thompson, Owen and Burns",,0,"Thompson, Owen and Burns"
HPPGUMUX,GB07DJMS51191057486005,UM,"Thompson, Owen Burns",,0,"Thompson, Owen and Burns"
HPPGUMUX,GB07DJMS51191057486005,UM,"Thompson, Owen",,0,"Thompson, Owen and Burns"
HPPGUMUX,GB07DJMS51191057486005,UM,"Thompson, Owen Inds Burns",,0,"Thompson, Owen and Burns"
HPPGUMUX,GB07DJMS51191057486005,UM,"Thompson, Owen,",,0,"Thompson, Owen and Burns"
HPPGUMUX,GB07DJMS51191057486005,UM,"Thompson, Owen Inds. Burns",,0,"Thompson, Owen and Burns"
HPPGUMUX,GB07DJMS51191057486005,UM,"Thompson, Owen Inds Burns",,0,"Thompson, Owen and Burns"
BCIYBOJI,IT43J2276279752612543861272,BO,Despacho Molins & Asociados S.A.T.,,0,Despacho Molins & Asociados S.A.T.
BCIYBOJI,IT43J2276279752612543861272,BO,Despacho Molins & Asociados,#  ##,0,Despacho Molins & Asociados S.A.T.
JINOMCVR,FR6722445010006878620549189,MC,"Golgi, Greco e Civaschi Group",,1,"Golgi, Greco e Civaschi Group"
JINOMCVR,FR6722445010006878620549189,MC,"Golgi, Greco e Civaschi Grp.",,1,"Golgi, Greco e Civaschi Group"
JINOMCVR,FR6722445010006878620549189,MC,"Golgi, Greco e Civaschi Grp.",,1,"Golgi, Greco e Civaschi Group"
JINOMCVR,FR6722445010006878620549189,MC,"Golgi, Greco e Civaschi Grp",Incrocio Guarneri 34  80049 Somma Vesuviana/NA,1,"Golgi, Greco e Civaschi Group"
JINOMCVR,FR6722445010006878620549189,MC,"Golgi, Greco Civaschi/",Italia,1,"Golgi, Greco e Civaschi Group"
JINOMCVR,FR6722445010006878620549189,MC,Moretti-Fattori Group,,1,Moretti-Fattori Group
WJMBSIAM,GB60AYMD55974855905357,SI,Schuylenborch BV,Den Oever,0,Schuylenborch BV
WJMBSIAM,GB60AYMD55974855905357,SI,Schuylenborch BV,,0,Schuylenborch BV
WJMBSIAM,GB60AYMD55974855905357,SI,Schuylenborch BV,,0,Schuylenborch BV
WJMBSIAM,GB60AYMD55974855905357,SI,Schuylenborch BV,,0,Schuylenborch BV
HVRVTFAC,NL33COTO2091940228,TF,Charrier,,1,Charrier
HVRVTFAC,NL33COTO2091940228,TF,Cha-rier,,1,Charrier
HVRVTFAC,NL33COTO2091940228,TF,Charrier,,1,Charrier
HVRVTFAC,NL33COTO2091940228,TF,Charrier,,1,Charrier
HVRVTFAC,NL33COTO2091940228,TF,Charrie. ,,1,Charrier
HVRVTFAC,NL33COTO2091940228,TF,Charrier,,1,Charrier
HVRVTFAC,NL33COTO2091940228,TF,Charr - er,X,1,Charrier
HVRVTFAC,NL33COTO2091940228,TF,Leroy S.A.S.,,1,Leroy S.A.S.
HVRVTFAC,NL33COTO2091940228,TF,Marin,,1,Marin
HVRVTFAC,NL33COTO2091940228,TF,Baron Andre S.A.,"chemin William Clerc99 Rivière  Rivière,France",1,Baron Andre S.A.
HZRBAIUJ,DE39493895318802646087,AI,Martin Group,,0,Martin Group
HZRBAIUJ,DE39493895318802646087,AI,Martin  Grp.,Walker parkway 58  North Deborahview-United Kingdom,0,Martin Group
HZRBAIUJ,DE39493895318802646087,AI,Martin Gr.,,0,Martin Group
HZRBAIUJ,DE39493895318802646087,AI,Martin Grp.,North Deborahview,0,Martin Group
EOMNCORM,NL81MXTR9803467996,CO,Rockwell Automation Nederland,Bjornring  651  4505 RM Vlissingen,0,Rockwell Automation Nederland
EOMNCORM,NL81MXTR9803467996,CO,Rockwell Automation Nederland,"Bjornring Vlissingen  Vlissingen,Netherlands",0,Rockwell Automation Nederland
EOMNCORM,NL81MXTR9803467996,CO,Rockwell Automation Nederland,,0,Rockwell Automation Nederland
EOMNCORM,NL81MXTR9803467996,CO,Rockwell Automation Nederland,,0,Rockwell Automation Nederland
EOMNCORM,NL81MXTR9803467996,CO,Rockwell Automation Nederland,,0,Rockwell Automation Nederland
EOMNCORM,NL81MXTR9803467996,CO,Rockwell Automation Nederland,,0,Rockwell Automation Nederland
EOMNCORM,NL81MXTR9803467996,CO,Rockwell Automation Nederland,,0,Rockwell Automation Nederland
EOMNCORM,NL81MXTR9803467996,CO,Rockwell Automation Nederland,,0,Rockwell Automation Nederland
EOMNCORM,NL81MXTR9803467996,CO,Rockwell Automation Nederland,,0,Rockwell Automation Nederland
VBFDATJW,NL70YZIQ8227336768,AT,"Collins, Byrd and Mcgrath",,1,"Collins, Byrd and Mcgrath"
VBFDATJW,NL70YZIQ8227336768,AT,"Collins, Byrd Inds.",,1,"Collins, Byrd and Mcgrath"
VBFDATJW,NL70YZIQ8227336768,AT,"Collins, Byrd  Industries Mcgrath",,1,"Collins, Byrd and Mcgrath"
VBFDATJW,NL70YZIQ8227336768,AT,"Collins, Byrd Mcgrath",,1,"Collins, Byrd and Mcgrath"
VBFDATJW,NL70YZIQ8227336768,AT,"Collins, Byrd",,1,"Collins, Byrd and Mcgrath"
VBFDATJW,NL70YZIQ8227336768,AT,"Collins, Byrd  Inds Mcgrath",Sherry Isle Suite 096 34805 49668  Lake Brian (FM) US,1,"Collins, Byrd and Mcgrath"
VBFDATJW,NL70YZIQ8227336768,AT,"Collins, Byrd Inds. Mcgrath",49668-Lake Brian,1,"Collins, Byrd and Mcgrath"
VBFDATJW,NL70YZIQ8227336768,AT,"Collins, Byrd",United States,1,"Collins, Byrd and Mcgrath"
VBFDATJW,NL70YZIQ8227336768,AT,Kerr Ltd,,1,Kerr Ltd
KXAPBYLQ,NL18AHFQ8883325785,BY,Reed-Lamb,,0,Reed-Lamb
KXAPBYLQ,NL18AHFQ8883325785,BY,Reed Lamb,,0,Reed-Lamb
KXAPBYLQ,NL18AHFQ8883325785,BY,"Reed,Lamb",,0,Reed-Lamb
KXAPBYLQ,NL18AHFQ8883325785,BY,Reed Lamb,,0,Reed-Lamb
KXAPBYLQ,NL18AHFQ8883325785,BY,Reed  Lamb,,0,Reed-Lamb
ZIBJCCFW,DE73461327940797132636,CC,de Kok BV,Havelte,0,de Kok BV
ZIBJCCFW,DE73461327940797132636,CC,de Kok BV,,0,de Kok BV
YZSWMTJM,DE73913042450773011934,MT,Daniel SARL,,0,Daniel SARL
YZSWMTJM,DE73913042450773011934,MT,Daniel,,0,Daniel SARL
YZSWMTJM,DE73913042450773011934,MT,Daniel S r l Comp.,13 Vidal/chemin de Laurent  Vidal,0,Daniel SARL
YZSWMTJM,DE73913042450773011934,MT,Daniel-SARL,,0,Daniel SARL
YZSWMTJM,DE73913042450773011934,MT,Daniel,,0,Daniel SARL
YZSWMTJM,DE73913042450773011934,MT,Daniel SARL,,0,Daniel SARL
YZSWMTJM,DE73913042450773011934,MT,Daniel SARL Co,,0,Daniel SARL
TOYCZALF,GB34RFYD37077118131746,ZA,Alves Ltda.,Barroca BR,1,Alves Ltda.
TOYCZALF,GB34RFYD37077118131746,ZA,Alves,Brazi,1,Alves Ltda.
TOYCZALF,GB34RFYD37077118131746,ZA,Souza Cardoso - ME,,1,Souza Cardoso - ME
TOYCZALF,GB34RFYD37077118131746,ZA,Souza Cardoso   ME Co.,,1,Souza Cardoso - ME
TOYCZALF,GB34RFYD37077118131746,ZA,Souza Cardoso   ME Company,,1,Souza Cardoso - ME
TOYCZALF,GB34RFYD37077118131746,ZA,Souza Cardoso   ME Comp.,Vale de Campos RS  Bonsucesso  (RS)  Brazil,1,Souza Cardoso - ME
TOYCZALF,GB34RFYD37077118131746,ZA,Souza Cardoso   ME,,1,Souza Cardoso - ME
TOYCZALF,GB34RFYD37077118131746,ZA,Souza Cardoso . ME,,1,Souza Cardoso - ME
TOYCZALF,GB34RFYD37077118131746,ZA,Novaes Martins - ME,,1,Novaes Martins - ME
TOYCZALF,GB34RFYD37077118131746,ZA,Novaes Martins - ME,,1,Novaes Martins - ME
TOYCZALF,GB34RFYD37077118131746,ZA,Novaes Martins  -  ME,"Largo Lucca Gonçalves 43 Rio Branco,09169476 Moraes AP",1,Novaes Martins - ME
XHSGPYUI,ES5613414503923711119710,PY,Weerdenburg NV,Anoukhof  Niebert NiebertNetherlands,1,Weerdenburg NV
XHSGPYUI,ES5613414503923711119710,PY,Rensa Group,,1,Rensa Group
XHSGPYUI,ES5613414503923711119710,PY,Alpaidis BV,Lucassteeg 3/1137LX/Oudeschans,1,Alpaidis BV
XHSGPYUI,ES5613414503923711119710,PY,Alpaidis BV,. .  .,1,Alpaidis BV
XHSGPYUI,ES5613414503923711119710,PY,Alpaidis BV,Oudeschans,1,Alpaidis BV
XHSGPYUI,ES5613414503923711119710,PY,Alpaidis BV,,1,Alpaidis BV
XHSGPYUI,ES5613414503923711119710,PY,Alpaidis  BV,,1,Alpaidis BV
XHSGPYUI,ES5613414503923711119710,PY,Alpaidis BV,,1,Alpaidis BV
XHSGPYUI,ES5613414503923711119710,PY,Alpaidis BV,Oudeschans Netherlands,1,Alpaidis BV
XHSGPYUI,ES5613414503923711119710,PY,Samskip,,1,Samskip
XHSGPYUI,ES5613414503923711119710,PY,Samskip,### #,1,Samskip
VPTBSCLL,DE55989296320427335723,SC,Skinner-Johnson,ME0 3PL-South Francis,0,Skinner-Johnson
VPTBSCLL,DE55989296320427335723,SC,Skinner Johnson Ltd.,,0,Skinner-Johnson
VPTBSCLL,DE55989296320427335723,SC,Skinner/Johnson Ltd,"Martin curve 6 South Francis,GB",0,Skinner-Johnson
VPTBSCLL,DE55989296320427335723,SC,Skinner Johnson Ltée,,0,Skinner-Johnson
VPTBSCLL,DE55989296320427335723,SC,Skinner Johnson,6  Martin curve South Francis,0,Skinner-Johnson
VPTBSCLL,DE55989296320427335723,SC,Skinner Johnson,6 Martin curve  South Francis ME0 3PL,0,Skinner-Johnson
VPTBSCLL,DE55989296320427335723,SC,Skinner Johnson LTD,,0,Skinner-Johnson
VPTBSCLL,DE55989296320427335723,SC,Skinner Johnson Ltée,**,0,Skinner-Johnson
VPTBSCLL,DE55989296320427335723,SC,Skinner Johnson Ltée,,0,Skinner-Johnson
FSBNECEJ,NL50NEFU3741610834,EC,Laporte,,0,Laporte
FSBNECEJ,NL50NEFU3741610834,EC,Laporte - Ptnrs,8 Sainte Simone  chemin Constance Lejeune-Sainte Simone,0,Laporte
FSBNECEJ,NL50NEFU3741610834,EC,Laporte.Ptnrs.,France,0,Laporte
FSBNECEJ,NL50NEFU3741610834,EC,Laporte Partners,chemin Constance Lejeune/8 Sainte Simone/Sainte Smone/FR,0,Laporte
FSBNECEJ,NL50NEFU3741610834,EC,Laporte Ptnrs,&  & &,0,Laporte
FSBNECEJ,NL50NEFU3741610834,EC,Laporte- Partners,,0,Laporte
FSBNECEJ,NL50NEFU3741610834,EC,Laporte.Pts.,,0,Laporte
FSBNECEJ,NL50NEFU3741610834,EC,Laporte Partners,,0,Laporte
FSBNECEJ,NL50NEFU3741610834,EC,Laporte Ptnrs,,0,Laporte
FSBNECEJ,NL50NEFU3741610834,EC,Laporte  Ptnrs.,8/chemin Constance Lejeune 81999 Sainte Simone,0,Laporte
EFYTSEOJ,GB04AXAF91806081605982,SE,Schüler,,1,Schüler
EFYTSEOJ,GB04AXAF91806081605982,SE,Scholl Hoffmann AG & Co. OHG,"25072,Main-Höchst",1,Scholl Hoffmann AG & Co. OHG
EFYTSEOJ,GB04AXAF91806081605982,SE,Scholl Hoffmann AG &,,1,Scholl Hoffmann AG & Co. OHG
EFYTSEOJ,GB04AXAF91806081605982,SE,Klingelhöfer,Fulda DE,1,Klingelhöfer
ZQCIGPRY,FR6533049784180406179552619,GP,Evans Group,,1,Evans Group
ZQCIGPRY,FR6533049784180406179552619,GP,Evans Group,Chapmanmouth,1,Evans Group
ZQCIGPRY,FR6533049784180406179552619,GP,Evans Gr. Inc.,"259 Foster corners,Chapmanmouth",1,Evans Group
ZQCIGPRY,FR6533049784180406179552619,GP,Taylor LLC,Watson springs 63 Morganton-GB,1,Taylor LLC
ZQCIGPRY,FR6533049784180406179552619,GP,Taylor Public Limited  Company,,1,Taylor LLC
ZQCIGPRY,FR6533049784180406179552619,GP,Taylor,,1,Taylor LLC
AYUESLSV,IT43J1272711664203756978663,SL,Pires Sales S/A,,1,Pires Sales S/A
AYUESLSV,IT43J1272711664203756978663,SL,Silva,,1,Silva
AYUESLSV,IT43J1272711664203756978663,SL,Barbosa Ltda.,Praia Lorena Gomes  22 São Lucas  03934962 Rezende/SE,1,Barbosa Ltda.
AYUESLSV,IT43J1272711664203756978663,SL,Freitas Novaes - EI,Conjunto Taquaril Brazil,1,Freitas Novaes - EI
AYUESLSV,IT43J1272711664203756978663,SL,"Freitas Novaes,, EI",SC  Ladeira Sophia MouraConjunto Taquaril,1,Freitas Novaes - EI
AYUESLSV,IT43J1272711664203756978663,SL,Freitas- Novaes   EI,,1,Freitas Novaes - EI
AYUESLSV,IT43J1272711664203756978663,SL,Freitas Novaes   EI,Conjunto Taquaril Brazil,1,Freitas Novaes - EI
AYUESLSV,IT43J1272711664203756978663,SL,Freitas - Novaes   EI,,1,Freitas Novaes - EI
AYUESLSV,IT43J1272711664203756978663,SL,Freitas .Novaes   .EI,,1,Freitas Novaes - EI
AYUESLSV,IT43J1272711664203756978663,SL,Freitas Novaes   EI,,1,Freitas Novaes - EI
SOIOVNCM,ES9209502785228393102146,VN,Oliveira Teixeira Ltda.,,0,Oliveira Teixeira Ltda.
SOIOVNCM,ES9209502785228393102146,VN,Oliveira Teixeira Limited,,0,Oliveira Teixeira Ltda.
SOIOVNCM,ES9209502785228393102146,VN,Oliveira Teixeira,São Bento Brazil,0,Oliveira Teixeira Ltda.
AZQGBQDQ,GB66WRJV87521411366591,BQ,Hermanos Peñalver S.Com.,Bugos,0,Hermanos Peñalver S.Com.
AZQGBQDQ,GB66WRJV87521411366591,BQ,Hermanos Peñalver S.Com.,,0,Hermanos Peñalver S.Com.
AZQGBQDQ,GB66WRJV87521411366591,BQ,Hermanos Peñalver S.Com.,,0,Hermanos Peñalver S.Com.
MWDSIETA,IT48W1919987401630845664981,IE,Flynth Adviseurs en Accountants,,0,Flynth Adviseurs en Accountants
MWDSIETA,IT48W1919987401630845664981,IE,Flynth Adviseurs en Accountants,Zege,0,Flynth Adviseurs en Accountants
MWDSIETA,IT48W1919987401630845664981,IE,Flynth Adviseurs en Accountants,,0,Flynth Adviseurs en Accountants
MWDSIETA,IT48W1919987401630845664981,IE,Flynth Adviseurs en,,0,Flynth Adviseurs en Accountants
MWDSIETA,IT48W1919987401630845664981,IE,Flynth Adviseurs en Accountants,,0,Flynth Adviseurs en Accountants
GPAQMMDT,GB76ZUVU13304084914179,MM,Deutsche Bank,Sterreweg/Budel-Dorplin  Budel-DorpleinNetherlands,1,Deutsche Bank
GPAQMMDT,GB76ZUVU13304084914179,MM,Deutsche Bank,Sterreweg-Budel-Dorplein Budel-Dorplein Netherlands,1,Deutsche Bank
GPAQMMDT,GB76ZUVU13304084914179,MM,Stichting Kolen,Jaylinnboulevard 978013 EQ Deventer,1,Stichting Kolen
GPAQMMDT,GB76ZUVU13304084914179,MM,Stichting Kolen,8013 EQ  Deventer,1,Stichting Kolen
GPAQMMDT,GB76ZUVU13304084914179,MM,Stichting Kolen,Jaylinnboulevard-978013 EQ-Deventer,1,Stichting Kolen
GPAQMMDT,GB76ZUVU13304084914179,MM,Kleijse NV,,1,Kleijse NV
GPAQMMDT,GB76ZUVU13304084914179,MM,Kleijse NV,,1,Kleijse NV
UGDEIRMI,GB94LFDS83761759833514,IR,Bazin S.A.S.,Fournier-sur-Guibert France,1,Bazin S.A.S.
UGDEIRMI,GB94LFDS83761759833514,IR,Hamel,,1,Hamel
NGGNBBCL,ES2503324226187840538608,BB,"Green, Bennett and Anderson",,0,"Green, Bennett and Anderson"
NGGNBBCL,ES2503324226187840538608,BB,"Green, Bennett Anderson",,0,"Green, Bennett and Anderson"
NGGNBBCL,ES2503324226187840538608,BB,"Green, Bennett Anderson",,0,"Green, Bennett and Anderson"
NGGNBBCL,ES2503324226187840538608,BB,"Green, Bennett Inds. Anderson",,0,"Green, Bennett and Anderson"
NGGNBBCL,ES2503324226187840538608,BB,"Green, Bennett Anderson",,0,"Green, Bennett and Anderson"
NGGNBBCL,ES2503324226187840538608,BB,"Green, Bennett",,0,"Green, Bennett and Anderson"
NGGNBBCL,ES2503324226187840538608,BB,"Green, Bennett Ind. Anderson",,0,"Green, Bennett and Anderson"
NGGNBBCL,ES2503324226187840538608,BB,"Green, Bennett Ind. Anderson","Storey ports,Rikyland",0,"Green, Bennett and Anderson"
NGGNBBCL,ES2503324226187840538608,BB,"Green,  Bennett",Storey ports Rickyland  United Kingdom,0,"Green, Bennett and Anderson"
NGGNBBCL,ES2503324226187840538608,BB,"Green, Bennett -",,0,"Green, Bennett and Anderson"
NGGNBBCL,ES2503324226187840538608,BB,"Green,-Bennett",,0,"Green, Bennett and Anderson"
WDYOHMUU,ES7381421049047603076287,HM,Bates-Brown,Roberts crossing  West Sophiemouth,1,Bates-Brown
WDYOHMUU,ES7381421049047603076287,HM,Russell-Day,,1,Russell-Day
WDYOHMUU,ES7381421049047603076287,HM,Clarke-Bennett,,1,Clarke-Bennett
WDYOHMUU,ES7381421049047603076287,HM,Evans Ltd,,1,Evans Ltd
CEAXCAAM,FR8278235218143353222742524,CA,Grant Ltd,,1,Grant Ltd
CEAXCAAM,FR8278235218143353222742524,CA,"Smith, Harvey and Lewis",PL6W 3NG/East Laurabury,1,"Smith, Harvey and Lewis"
CEAXCAAM,FR8278235218143353222742524,CA,Jackson-Wilson,,1,Jackson-Wilson
CEAXCAAM,FR8278235218143353222742524,CA,Jackson.Wilson,Wst Zoe GB,1,Jackson-Wilson
CEAXCAAM,FR8278235218143353222742524,CA,Jackson Wilson,,1,Jackson-Wilson
CEAXCAAM,FR8278235218143353222742524,CA,Jackson Wilson,,1,Jackson-Wilson
CEAXCAAM,FR8278235218143353222742524,CA,Jackson Wilson,Perry groves WestZoe,1,Jackson-Wilson
CEAXCAAM,FR8278235218143353222742524,CA,Jackson Wilson,,1,Jackson-Wilson
CEAXCAAM,FR8278235218143353222742524,CA,Jarvis-Burgess,,1,Jarvis-Burgess
CEAXCAAM,FR8278235218143353222742524,CA,Jarvis Burgess,,1,Jarvis-Burgess
CEAXCAAM,FR8278235218143353222742524,CA,Jarvis - Burgess S.C.A.R.L,,1,Jarvis-Burgess
ETIQISGX,GB62UHUO52238728085312,IS,Dell,Samuebaan Arcen  Arcen/NL,0,Dell
ETIQISGX,GB62UHUO52238728085312,IS,Dell S.C.A.R.L.,Netherlands,0,Dell
YRXGYTLA,NL91ZCEK8420422070,YT,"Sorrentino, Metella e Altera SPA","Vicolo Osvaldo-Furnari,(ME)-IT",0,"Sorrentino, Metella e Altera SPA"
YRXGYTLA,NL91ZCEK8420422070,YT,"Sorrentino, Metella e Altera",,0,"Sorrentino, Metella e Altera SPA"
YRXGYTLA,NL91ZCEK8420422070,YT,"Sorrentino, Metella e SPA",Furnari IT,0,"Sorrentino, Metella e Altera SPA"
YRXGYTLA,NL91ZCEK8420422070,YT,"Sorrentino, Metella e Altera- S.a.",Vicolo Osvaldo Frnari Itlia,0,"Sorrentino, Metella e Altera SPA"
YRXGYTLA,NL91ZCEK8420422070,YT,"Sorrentino, Metella e Altera",,0,"Sorrentino, Metella e Altera SPA"
YRXGYTLA,NL91ZCEK8420422070,YT,"Sorrentino, Metella Altera  S.P.A.",,0,"Sorrentino, Metella e Altera SPA"
YRXGYTLA,NL91ZCEK8420422070,YT,"Sorrentino, Metella e Altera",,0,"Sorrentino, Metella e Altera SPA"
YRXGYTLA,NL91ZCEK8420422070,YT,"Sorrentino, Metella e Altera S.a.","Vicolo Osvaldo,Furnri",0,"Sorrentino, Metella e Altera SPA"
KNXUTFZY,DE87722561469319261049,TF,Hörle Naser e.G.,,1,Hörle Naser e.G.
KNXUTFZY,DE87722561469319261049,TF,Hörle Naser e.G.,,1,Hörle Naser e.G.
KNXUTFZY,DE87722561469319261049,TF,Hörle Naser e.G.,,1,Hörle Naser e.G.
KNXUTFZY,DE87722561469319261049,TF,Hörle Naser e.G.,,1,Hörle Naser e.G.
KNXUTFZY,DE87722561469319261049,TF,Wulff Stroh AG & Co. OHG,,1,Wulff Stroh AG & Co. OHG
KNXUTFZY,DE87722561469319261049,TF,Ebert,,1,Ebert
KNXUTFZY,DE87722561469319261049,TF,Ebert SCARL,Margrafstr. Nordhausen  Nordhausen DE,1,Ebert
KNXUTFZY,DE87722561469319261049,TF,Ebert SCARL,,1,Ebert
KNXUTFZY,DE87722561469319261049,TF,Ebert S.c.a.r.l.,Margrafstr.-Nordhausen/Nordhausen Germany,1,Ebert
ZIDZEHNR,GB10RETB89681829135649,EH,Campos,,1,Campos
ZIDZEHNR,GB10RETB89681829135649,EH,Campos,. .,1,Campos
ZIDZEHNR,GB10RETB89681829135649,EH,da Rosa,61041387 Costa Paulista/Carlos Prates,1,da Rosa
ZIDZEHNR,GB10RETB89681829135649,EH,"da,Rosa",,1,da Rosa
ZIDZEHNR,GB10RETB89681829135649,EH,"da,Rosa S.P.A.",Morro Erick Pereira CECarlos Prates/CE Brazil,1,da Rosa
WFLXSHEU,IT20I5809800818795521478914,SH,Le Goff Rémy S.A.R.L.,avenue de Chevaier  7 Blin Blin Fance,0,Le Goff Rémy S.A.R.L.
WFLXSHEU,IT20I5809800818795521478914,SH,Le Goff Rémy S.c.a.r.l,,0,Le Goff Rémy S.A.R.L.
WFLXSHEU,IT20I5809800818795521478914,SH,Le Goff Rémy,,0,Le Goff Rémy S.A.R.L.
WFLXSHEU,IT20I5809800818795521478914,SH,Le Goff Rémy,7 avenue de Chevalier  78951Blin,0,Le Goff Rémy S.A.R.L.
WFLXSHEU,IT20I5809800818795521478914,SH,Le- Goff S.c.a.r.l.,,0,Le Goff Rémy S.A.R.L.
YMKEIQDM,GB98IXXY20398673971117,IQ,Wiek Trupp KGaA,,1,Wiek Trupp KGaA
YMKEIQDM,GB98IXXY20398673971117,IQ,Wiek Trupp KGaA,,1,Wiek Trupp KGaA
YMKEIQDM,GB98IXXY20398673971117,IQ,Wiek Trupp KGaA,,1,Wiek Trupp KGaA
YMKEIQDM,GB98IXXY20398673971117,IQ,Wiek.Trupp.KGaA,86019 Bad Freienwalde,1,Wiek Trupp KGaA
YMKEIQDM,GB98IXXY20398673971117,IQ,Wiek Trupp KGaA,Bad Freienwalde Germany,1,Wiek Trupp KGaA
YMKEIQDM,GB98IXXY20398673971117,IQ,Wiek Trupp KGaA,Bad FreienwaldeHarloffgasse Bad Freienwalde,1,Wiek Trupp KGaA
YMKEIQDM,GB98IXXY20398673971117,IQ,Wiek Trupp KGaA,Bad Freienwalde Harloffgasse-Bad Freienwalde,1,Wiek Trupp KGaA
YMKEIQDM,GB98IXXY20398673971117,IQ,Wiek Trupp KGaA,,1,Wiek Trupp KGaA
YMKEIQDM,GB98IXXY20398673971117,IQ,Atzler Austermühle GmbH & Co. OHG,,1,Atzler Austermühle GmbH & Co. OHG
YMKEIQDM,GB98IXXY20398673971117,IQ,Atzler Austermühle GmbH,,1,Atzler Austermühle GmbH & Co. OHG
UKSUHTAA,DE85105979782783467492,HT,Dörschner OHG mbH,,1,Dörschner OHG mbH
UKSUHTAA,DE85105979782783467492,HT,Hübel GmbH,Pitzwalk DE,1,Hübel GmbH
UKSUHTAA,DE85105979782783467492,HT,Hübel  GmbH,Pritzwalk DE,1,Hübel GmbH
UKSUHTAA,DE85105979782783467492,HT,Hübel GmbH,,1,Hübel GmbH
TLUSTZP2,GB20IQAH08717588650524,TZ,Freitas S.A.,PI Campo de Ferreira/Alto Dos Pinheiros,0,Freitas S.A.
TLUSTZP2,GB20IQAH08717588650524,TZ,Freitas S.a. S.a.,Campo de Ferreira  PI Alto Dos Pinheiros  PI Brazil,0,Freitas S.A.
TLUSTZP2,GB20IQAH08717588650524,TZ,Freitas S.U. S.a.,Alto Dos Pinheiros,0,Freitas S.A.
TLUSTZP2,GB20IQAH08717588650524,TZ,Freitas.S.A. SPA,,0,Freitas S.A.
TLUSTZP2,GB20IQAH08717588650524,TZ,Freitas SA  S.a.,,0,Freitas S.A.
TLUSTZP2,GB20IQAH08717588650524,TZ,"Freitas S.U.,S.a.",Alto Dos Pinheiros,0,Freitas S.A.
TLUSTZP2,GB20IQAH08717588650524,TZ,Freitas S.a. S.a.,,0,Freitas S.A.
TLUSTZP2,GB20IQAH08717588650524,TZ,Freitas S.A.,,0,Freitas S.A.
LKHETZC1,ES1967169108249892885375,TZ,Alimentación Abella y asociados S.A.,,0,Alimentación Abella y asociados S.A.
LKHETZC1,ES1967169108249892885375,TZ,Alimentación.Abella y asociados S.P.A.,,0,Alimentación Abella y asociados S.A.
LKHETZC1,ES1967169108249892885375,TZ,Alimentación Abella asociados - SA,,0,Alimentación Abella y asociados S.A.
LKHETZC1,ES1967169108249892885375,TZ,Alimentación Abella y asociados S.a.,,0,Alimentación Abella y asociados S.A.
LKHETZC1,ES1967169108249892885375,TZ,Alimentación Abella y SAS,,0,Alimentación Abella y asociados S.A.
LKHETZC1,ES1967169108249892885375,TZ,Alimentación-Abella y asociados S.a.s.,Ronda de Olivia Cózar 50939 PontevedraSpain,0,Alimentación Abella y asociados S.A.
LKHETZC1,ES1967169108249892885375,TZ,"Alimentación,Abella y asociados",Ronda de Olivia Cózar 50939 Pontevedra/ES,0,Alimentación Abella y asociados S.A.
LKHETZC1,ES1967169108249892885375,TZ,Alimentación -  Abella asociados - SpA ,,0,Alimentación Abella y asociados S.A.
LKHETZC1,ES1967169108249892885375,TZ,Alimentación. Abella  asociados,,0,Alimentación Abella y asociados S.A.
LKHETZC1,ES1967169108249892885375,TZ,Alimentación .Abella y asociados S.P.A,Pontevedra Spain,0,Alimentación Abella y asociados S.A.
LKHETZC1,ES1967169108249892885375,TZ,Alimentación Abella y asociados,Ronda de Olivia Cózar  50939 Pontevedra ES,0,Alimentación Abella y asociados S.A.
CPTICLFY,GB05FZQZ92580200288951,CL,"Gramsci, Belletini e Bonaventura SPA",,0,"Gramsci, Belletini e Bonaventura SPA"
CPTICLFY,GB05FZQZ92580200288951,CL,"Gramsci, Belletini e Bonaventura S.p.A.",,0,"Gramsci, Belletini e Bonaventura SPA"
CPTICLFY,GB05FZQZ92580200288951,CL,"Gramsci, Belletini. e Bonaventura SpA ",,0,"Gramsci, Belletini e Bonaventura SPA"
CPTICLFY,GB05FZQZ92580200288951,CL,"Gramsci, Belletini e Bonaventura S.a.",,0,"Gramsci, Belletini e Bonaventura SPA"
CPTICLFY,GB05FZQZ92580200288951,CL,"Gramsci, Belletini e Bonaventura Società per Azioni",,0,"Gramsci, Belletini e Bonaventura SPA"
CPTICLFY,GB05FZQZ92580200288951,CL,"Gramsci, Belletini e S.P.A.",,0,"Gramsci, Belletini e Bonaventura SPA"
CPTICLFY,GB05FZQZ92580200288951,CL,"Gramsci, Belletini e Bonaventura",84010-San Michele,0,"Gramsci, Belletini e Bonaventura SPA"
CPTICLFY,GB05FZQZ92580200288951,CL,"Gramsci, Belletini Bonaventura S.P.A",Rotonda Melina San Michele-Italia,0,"Gramsci, Belletini e Bonaventura SPA"
CPTICLFY,GB05FZQZ92580200288951,CL,"Gramsci, Belletini e",San Michele,0,"Gramsci, Belletini e Bonaventura SPA"
YITYBJBC,IT27D5893863166921046255894,BJ,Scholtz GmbH & Co. KGaA,"Adolphstr. Aachen  Aachen,DE",1,Scholtz GmbH & Co. KGaA
YITYBJBC,IT27D5893863166921046255894,BJ,Scholtz GmbH &-Comp. KGaA,15615Aachen,1,Scholtz GmbH & Co. KGaA
YITYBJBC,IT27D5893863166921046255894,BJ,Scholtz GmbH & Co KGaA,****,1,Scholtz GmbH & Co. KGaA
YITYBJBC,IT27D5893863166921046255894,BJ,Scholtz GmbH &,Aachen Adolphstr.-Aachen,1,Scholtz GmbH & Co. KGaA
YITYBJBC,IT27D5893863166921046255894,BJ,Scholtz GmbH &,,1,Scholtz GmbH & Co. KGaA
YITYBJBC,IT27D5893863166921046255894,BJ,Scholtz GmbH & Co KGaA,Adolphtr.Aachen/Aachen  DE,1,Scholtz GmbH & Co. KGaA
YITYBJBC,IT27D5893863166921046255894,BJ,Gieß Nerger AG,Germany,1,Gieß Nerger AG
YITYBJBC,IT27D5893863166921046255894,BJ,Gieß Nerger AG,,1,Gieß Nerger AG
YITYBJBC,IT27D5893863166921046255894,BJ,Gieß Nerger,,1,Gieß Nerger AG
YITYBJBC,IT27D5893863166921046255894,BJ,Gieß Nerger AG,,1,Gieß Nerger AG
BWNVBTQO,NL08ENIV6488660493,BT,da Costa S/A,Vila Piratininga Venda Nova Brazil,0,da Costa S/A
BWNVBTQO,NL08ENIV6488660493,BT,da Costa S.a.,"Conjunto Costa-RO Vila Piratininga Venda Nova,(RO)/BR",0,da Costa S/A
BWNVBTQO,NL08ENIV6488660493,BT,S.a Costa S/A,,0,da Costa S/A
BWNVBTQO,NL08ENIV6488660493,BT,da - Costa S.a.,Vila Piratininga VendaNova BR,0,da Costa S/A
BWNVBTQO,NL08ENIV6488660493,BT,da Costa S.p.A.,,0,da Costa S/A
BWNVBTQO,NL08ENIV6488660493,BT,da Costa,Brazil,0,da Costa S/A
BWNVBTQO,NL08ENIV6488660493,BT,S.A. Costa S/A,,0,da Costa S/A
BWNVBTQO,NL08ENIV6488660493,BT,Costa S/A,,0,da Costa S/A
FWOAGTT0,ES2866273332013405661675,GT,Goncalves,,1,Goncalves
FWOAGTT0,ES2866273332013405661675,GT,"Goncalves,Industries",Saint Victoire FR,1,Goncalves
FWOAGTT0,ES2866273332013405661675,GT,Goncalves. Inds.,,1,Goncalves
FWOAGTT0,ES2866273332013405661675,GT,Pereira,,1,Pereira
FWOAGTT0,ES2866273332013405661675,GT,Pereira Grp,"31 Costa,boulevard Élise Clément Costa",1,Pereira
FWOAGTT0,ES2866273332013405661675,GT,Pereira,31 boulevard Élise Clément  90625 Costa,1,Pereira
ETTSAQQC,FR4310234285275541173819108,AQ,Stichting Brandon,,1,Stichting Brandon
ETTSAQQC,FR4310234285275541173819108,AQ,Stichting Brandon,,1,Stichting Brandon
ETTSAQQC,FR4310234285275541173819108,AQ,Stichting Brandon S.A.R.L.,,1,Stichting Brandon
ETTSAQQC,FR4310234285275541173819108,AQ,Stichting Brandon S.A.R.L.,,1,Stichting Brandon
ETTSAQQC,FR4310234285275541173819108,AQ,Royal Remmers,,1,Royal Remmers
EWSCZAXL,FR9179283352375728027158666,ZA,Flor y Rodrigo S.Coop.,,1,Flor y Rodrigo S.Coop.
EWSCZAXL,FR9179283352375728027158666,ZA,Anna Cárdenas Izaguirre S.L.N.E,,1,Anna Cárdenas Izaguirre S.L.N.E
EWSCZAXL,FR9179283352375728027158666,ZA,Ruben Oliver Sacristán S.C.P,,1,Ruben Oliver Sacristán S.C.P
EWSCZAXL,FR9179283352375728027158666,ZA,Ruben Oliver Sacristán S.C,,1,Ruben Oliver Sacristán S.C.P
EWSCZAXL,FR9179283352375728027158666,ZA,Ruben Oliver Sacristán,,1,Ruben Oliver Sacristán S.C.P
EWSCZAXL,FR9179283352375728027158666,ZA,Ruben Oliver Sacristán S.c,Plaza Goyo Vergara 23 Piso 34349/BadajozSain,1,Ruben Oliver Sacristán S.C.P
EWSCZAXL,FR9179283352375728027158666,ZA,Ruben Oliver Sacristán S.c,Plaza Goyo Vergara 23 Piso 34349 Badajoz  ES,1,Ruben Oliver Sacristán S.C.P
EWSCZAXL,FR9179283352375728027158666,ZA,Gallardo y Simó S.L.,"Glorieta de Rómulo Carrión-10030  Ourense,Spain",1,Gallardo y Simó S.L.
EWSCZAXL,FR9179283352375728027158666,ZA,Gallardo y S.U.,"Glorieta de Rómulo Carrión,10030 Ourens  Spain",1,Gallardo y Simó S.L.
RBPUSHFH,GB58DFXC08416014767129,SH,Nedschroef,,1,Nedschroef
RBPUSHFH,GB58DFXC08416014767129,SH,Koster Groep,Indydreef-Oppenhuizen Oppenhuizen NL,1,Koster Groep
RBPUSHFH,GB58DFXC08416014767129,SH,Stichting Steenbeek,,1,Stichting Steenbeek
RBPUSHFH,GB58DFXC08416014767129,SH,Stichting Steenbeek,,1,Stichting Steenbeek
RBPUSHFH,GB58DFXC08416014767129,SH,Stichting Steenbeek,"Naomiweg Haule,Haule  NL",1,Stichting Steenbeek
RBPUSHFH,GB58DFXC08416014767129,SH,Stichting Steenbeek,,1,Stichting Steenbeek
RBPUSHFH,GB58DFXC08416014767129,SH,Stichting Steenbeek,Netherlands,1,Stichting Steenbeek
RBPUSHFH,GB58DFXC08416014767129,SH,Stichting d' Heripon,Aylinsteeg Bakkeveen/Bakkeveen-NL,1,Stichting d' Heripon
DSWCBSMM,NL72HNJG5216437231,BS,Davies PLC,East Graceside GB,1,Davies PLC
DSWCBSMM,NL72HNJG5216437231,BS,"Abbott, Jones and Pearce",Knight orchard  Arnoldburgh,1,"Abbott, Jones and Pearce"
DSWCBSMM,NL72HNJG5216437231,BS,"Abbott,  Jones",Knight orchard  Arnoldburgh-United Kingdom,1,"Abbott, Jones and Pearce"
DSWCBSMM,NL72HNJG5216437231,BS,"Abbott, Jones Industries Pearce",,1,"Abbott, Jones and Pearce"
DSWCBSMM,NL72HNJG5216437231,BS,"Abbott, Jones",,1,"Abbott, Jones and Pearce"
TKHVAXMJ,DE22019217162263040249,AX,Souza,,1,Souza
TKHVAXMJ,DE22019217162263040249,AX,Ferreira,Brail,1,Ferreira
TKHVAXMJ,DE22019217162263040249,AX,Ferreira,,1,Ferreira
TKHVAXMJ,DE22019217162263040249,AX,Ferreira.Grp.,Fazenda Luiza da Mata MA Vista Do Sol  Brazil,1,Ferreira
TKHVAXMJ,DE22019217162263040249,AX,Ferreira Grp.,,1,Ferreira
TKHVAXMJ,DE22019217162263040249,AX,Ferreira,_ _,1,Ferreira
TKHVAXMJ,DE22019217162263040249,AX,Farias Fogaça S.A.,,1,Farias Fogaça S.A.
EJBVTDLL,GB89YUVR57822778261035,TD,"Veltroni, Balla e Paolucci SPA",Italia,1,"Veltroni, Balla e Paolucci SPA"
EJBVTDLL,GB89YUVR57822778261035,TD,"Veltroni, Balla e Paolucci S.p.A.",,1,"Veltroni, Balla e Paolucci SPA"
EJBVTDLL,GB89YUVR57822778261035,TD,"Borrani, Campano e Telesio s.r.l.",,1,"Borrani, Campano e Telesio s.r.l."
CGLAMUGX,IT59Z9597420967797653046569,MU,Vilaplana y asociados S.L.N.E,,0,Vilaplana y asociados S.L.N.E
CGLAMUGX,IT59Z9597420967797653046569,MU,Vilaplana y asociados,,0,Vilaplana y asociados S.L.N.E
CGLAMUGX,IT59Z9597420967797653046569,MU,Vilaplana y asociados S.L.N.E,Salamanca,0,Vilaplana y asociados S.L.N.E
CGLAMUGX,IT59Z9597420967797653046569,MU,Vilaplana y asociados S.L.N.E,,0,Vilaplana y asociados S.L.N.E
CGLAMUGX,IT59Z9597420967797653046569,MU,Vilaplana y asociados S.L.N.E,Salamanca,0,Vilaplana y asociados S.L.N.E
CGLAMUGX,IT59Z9597420967797653046569,MU,Vilaplana -  y asociados S.L.N.E,,0,Vilaplana y asociados S.L.N.E
CGLAMUGX,IT59Z9597420967797653046569,MU,Vilaplana y asociados S.L.N.E,,0,Vilaplana y asociados S.L.N.E
CLWRTVR1,DE95618921892956038882,TV,Hebert Roux S.A.R.L.,,1,Hebert Roux S.A.R.L.
CLWRTVR1,DE95618921892956038882,TV,Roger S.A.,,1,Roger S.A.
CLWRTVR1,DE95618921892956038882,TV,Lebreton S.A.,,1,Lebreton S.A.
ACPQLCAN,IT41L2651122683784177461804,LC,"Gentilini, Montesano e Nievo Group",,1,"Gentilini, Montesano e Nievo Group"
ACPQLCAN,IT41L2651122683784177461804,LC,Valentino-Scalera s.r.l.,,1,Valentino-Scalera s.r.l.
INJFFJQC,DE79150272137766157333,FJ,"Trentin, Gucci e Chiesa s.r.l.",,0,"Trentin, Gucci e Chiesa s.r.l."
INJFFJQC,DE79150272137766157333,FJ,"Trentin, Gucci .e Chiesa SRL",,0,"Trentin, Gucci e Chiesa s.r.l."
INJFFJQC,DE79150272137766157333,FJ,"Trentin, Gucci e Chiesa S.R.L.",,0,"Trentin, Gucci e Chiesa s.r.l."
INJFFJQC,DE79150272137766157333,FJ,"Trentin, Gucci e Chiesa",,0,"Trentin, Gucci e Chiesa s.r.l."
INJFFJQC,DE79150272137766157333,FJ,"Trentin, Gucci e Chiesa",,0,"Trentin, Gucci e Chiesa s.r.l."
INJFFJQC,DE79150272137766157333,FJ,"Trentin, Gucci e Chiesa S.r.L",,0,"Trentin, Gucci e Chiesa s.r.l."
INJFFJQC,DE79150272137766157333,FJ,"Trentin, Gucci Chiesa SRL",,0,"Trentin, Gucci e Chiesa s.r.l."
INJFFJQC,DE79150272137766157333,FJ,"Trentin, Gucci e S.R.L.",___,0,"Trentin, Gucci e Chiesa s.r.l."
INJFFJQC,DE79150272137766157333,FJ,"Trentin, Gucci e  S.r.l.",,0,"Trentin, Gucci e Chiesa s.r.l."
JCJXALCS,NL64VSRI4812833876,AL,Vasseur,,0,Vasseur
JCJXALCS,NL64VSRI4812833876,AL,Vasseur,Saint ThéodoreVille FR,0,Vasseur
JCJXALCS,NL64VSRI4812833876,AL,Vasseur,,0,Vasseur
XMVNTOLN,DE96749427845828643559,TO,Peak-IT,____,1,Peak-IT
XMVNTOLN,DE96749427845828643559,TO,Peak IT,,1,Peak-IT
XMVNTOLN,DE96749427845828643559,TO,Peak/IT,,1,Peak-IT
XMVNTOLN,DE96749427845828643559,TO,Peak IT,,1,Peak-IT
XMVNTOLN,DE96749427845828643559,TO,Peak-IT,,1,Peak-IT
XMVNTOLN,DE96749427845828643559,TO,Royal van der Spaendonck,,1,Royal van der Spaendonck
XMVNTOLN,DE96749427845828643559,TO,Jansen & Slaetsdochter,,1,Jansen & Slaetsdochter
XMVNTOLN,DE96749427845828643559,TO,Jansen & Slaetsdochter,Ceylinstraat  Stompetoren-StompetorenNetherlands,1,Jansen & Slaetsdochter
WSWTSIDU,GB80KUOX15091222794442,SI,Minería TLG S.L.,,0,Minería TLG S.L.
WSWTSIDU,GB80KUOX15091222794442,SI,Minería TLG S.C.,19628-Via Marcio Alegria Cádiz,0,Minería TLG S.L.
WSWTSIDU,GB80KUOX15091222794442,SI,Minería TLG SC,,0,Minería TLG S.L.
WSWTSIDU,GB80KUOX15091222794442,SI,Minería TLG,,0,Minería TLG S.L.
WSWTSIDU,GB80KUOX15091222794442,SI,Minería TLG,,0,Minería TLG S.L.
WSWTSIDU,GB80KUOX15091222794442,SI,Minería TLG,,0,Minería TLG S.L.
WSWTSIDU,GB80KUOX15091222794442,SI,Minería TLG S.C,,0,Minería TLG S.L.
WSWTSIDU,GB80KUOX15091222794442,SI,Minería TLG .SA,,0,Minería TLG S.L.
WSWTSIDU,GB80KUOX15091222794442,SI,Minería TLG S.C.,,0,Minería TLG S.L.
PUOVTZLC,GB35FXCM59561929749223,TZ,"Rosmini, Mocenigo e Iannelli Group",Italia,1,"Rosmini, Mocenigo e Iannelli Group"
PUOVTZLC,GB35FXCM59561929749223,TZ,"Rosmini, -  Mocenigo e Iannelli Grp.",,1,"Rosmini, Mocenigo e Iannelli Group"
PUOVTZLC,GB35FXCM59561929749223,TZ,Pacelli-Zichichi Group,Piazza SandroPiano 8 Buggiao Italia,1,Pacelli-Zichichi Group
PUOVTZLC,GB35FXCM59561929749223,TZ,Pacelli Zichichi Grp S.p.A.,,1,Pacelli-Zichichi Group
PUOVTZLC,GB35FXCM59561929749223,TZ,"Morandini, Antonini e Gregori s.r.l.",,1,"Morandini, Antonini e Gregori s.r.l."
FISNTLQW,GB10SZAZ16905193634438,TL,Koninklijke Zaal,,1,Koninklijke Zaal
FISNTLQW,GB10SZAZ16905193634438,TL,Arent Groep,,1,Arent Groep
FISNTLQW,GB10SZAZ16905193634438,TL,Arent Groep  Corp.,,1,Arent Groep
FISNTLQW,GB10SZAZ16905193634438,TL,Arent Groep-,Lizzpad 50 4364 ZG Heerhugowaard,1,Arent Groep
FISNTLQW,GB10SZAZ16905193634438,TL,NIBC Bank,Zevenaar NL,1,NIBC Bank
FISNTLQW,GB10SZAZ16905193634438,TL,NIBC Bank Corp,,1,NIBC Bank
FISNTLQW,GB10SZAZ16905193634438,TL,NIBC  Bank Corporation,,1,NIBC Bank
YISPCFR2,GB96YPRC37633024516288,CF,"Clark, Roberts and Payne",,0,"Clark, Roberts and Payne"
YISPCFR2,GB96YPRC37633024516288,CF,"Clark, Roberts Inds. Payne",,0,"Clark, Roberts and Payne"
YISPCFR2,GB96YPRC37633024516288,CF,"Clark, Roberts Industries Payne",Wilkinsstad GB,0,"Clark, Roberts and Payne"
YISPCFR2,GB96YPRC37633024516288,CF,"Clark, Roberts Payne",,0,"Clark, Roberts and Payne"
YISPCFR2,GB96YPRC37633024516288,CF,"Clark, Roberts Ind. Payne",,0,"Clark, Roberts and Payne"
YISPCFR2,GB96YPRC37633024516288,CF,"Clark, Roberts","35,Jonathan shore Wilkinsstad",0,"Clark, Roberts and Payne"
YISPCFR2,GB96YPRC37633024516288,CF,"Clark, Roberts Payne","Jonathan shore,35 Wilkinsstad United Kingdom",0,"Clark, Roberts and Payne"
YISPCFR2,GB96YPRC37633024516288,CF,"Clark, Roberts",,0,"Clark, Roberts and Payne"
YISPCFR2,GB96YPRC37633024516288,CF,"Clark, Roberts",,0,"Clark, Roberts and Payne"
BWAATRVI,FR5235889693215475844122572,TR,Tonisto s.r.l.,"Via Ginesio,Fraviano",1,Tonisto s.r.l.
BWAATRVI,FR5235889693215475844122572,TR,Tonisto S.r.l. Public Limited Company,Via Ginesio 2/38029/Fraviano  TN,1,Tonisto s.r.l.
BWAATRVI,FR5235889693215475844122572,TR,Salieri-Tron SPA,,1,Salieri-Tron SPA
BWAATRVI,FR5235889693215475844122572,TR,Salieri Tron SPA Industries,,1,Salieri-Tron SPA
BWAATRVI,FR5235889693215475844122572,TR,Salieri Tron SPA Inds.,Stretto Gravina  Appartamento 8 Masio (AL)/talia,1,Salieri-Tron SPA
ZUTLGMBZ,IT58J0385430715931775040059,GM,Salet & Scheffers,Wierden Netherlands,0,Salet & Scheffers
ZUTLGMBZ,IT58J0385430715931775040059,GM,Salet & Scheffers,,0,Salet & Scheffers
ZUTLGMBZ,IT58J0385430715931775040059,GM,Salet & Scheffers,,0,Salet & Scheffers
ZUTLGMBZ,IT58J0385430715931775040059,GM,Salet & Scheffers,,0,Salet & Scheffers
ZUTLGMBZ,IT58J0385430715931775040059,GM,Salet & Scheffers,,0,Salet & Scheffers
ZUTLGMBZ,IT58J0385430715931775040059,GM,Salet & Scheffers,,0,Salet & Scheffers
LCTUBWZ0,GB14VIGU61524688376909,BW,Royal Vaessen,--  -,1,Royal Vaessen
LCTUBWZ0,GB14VIGU61524688376909,BW,Royal Vaessen LTD,,1,Royal Vaessen
LCTUBWZ0,GB14VIGU61524688376909,BW,Royal  Vaessen Ltée,,1,Royal Vaessen
LCTUBWZ0,GB14VIGU61524688376909,BW,Royal Vaessen,Teuge Janring Teuge,1,Royal Vaessen
LCTUBWZ0,GB14VIGU61524688376909,BW,van den Nuwenhuijzen & Genefaas,2259 ZT-Nieuwkoop,1,van den Nuwenhuijzen & Genefaas
LCTUBWZ0,GB14VIGU61524688376909,BW,van den Nuwenhuijzen Genefaas,2259 ZTNieuwkoop,1,van den Nuwenhuijzen & Genefaas
LCTUBWZ0,GB14VIGU61524688376909,BW,van den Nuwenhuijzen & Genefaas,,1,van den Nuwenhuijzen & Genefaas
LCTUBWZ0,GB14VIGU61524688376909,BW,Klein BV,"Jimboulevard Gendt/Gendt,NL",1,Klein BV
BAHXARLJ,GB89TTOJ36546618196397,AR,Villa LLC,,0,Villa LLC
BAHXARLJ,GB89TTOJ36546618196397,AR,Villa PLC  S.A.S,,0,Villa LLC
BAHXARLJ,GB89TTOJ36546618196397,AR,Villa LLC SAS,West Johntown United States,0,Villa LLC
BAHXARLJ,GB89TTOJ36546618196397,AR,Villa LLC SAS,,0,Villa LLC
BAHXARLJ,GB89TTOJ36546618196397,AR,"Villa,P.L.C S.A.S",United States,0,Villa LLC
BAHXARLJ,GB89TTOJ36546618196397,AR,Villa,,0,Villa LLC
BAHXARLJ,GB89TTOJ36546618196397,AR,Villa-LLC,,0,Villa LLC
BAHXARLJ,GB89TTOJ36546618196397,AR,Villa LLC,,0,Villa LLC
BAHXARLJ,GB89TTOJ36546618196397,AR,"Villa P.L.C.,S.A.S",70020  Andrade Row Suite 976  West Johntown-MI 42426,0,Villa LLC
QOPLJEMW,IT88M6910006671868696911144,JE,Miller Ltd,,0,Miller Ltd
QOPLJEMW,IT88M6910006671868696911144,JE,Miller LTD S.r.l.,,0,Miller Ltd
QOPLJEMW,IT88M6910006671868696911144,JE,Miller,&  &,0,Miller Ltd
QOPLJEMW,IT88M6910006671868696911144,JE,Miller  Ltd,,0,Miller Ltd
QOPLJEMW,IT88M6910006671868696911144,JE,Miller Ltd S.R.L.,,0,Miller Ltd
QOPLJEMW,IT88M6910006671868696911144,JE,Miller Ltd - S.r.l.,East Terry United Kngdom,0,Miller Ltd
QOPLJEMW,IT88M6910006671868696911144,JE,Miller,,0,Miller Ltd
QOPLJEMW,IT88M6910006671868696911144,JE,Miller Ltd S.R.L.,Julie dale  19/East Terry/Unite Kingdom,0,Miller Ltd
QOPLJEMW,IT88M6910006671868696911144,JE,Miller LTT - S.r.l.,,0,Miller Ltd
QOPLJEMW,IT88M6910006671868696911144,JE,Miller  Ltd,,0,Miller Ltd
QOPLJEMW,IT88M6910006671868696911144,JE,Miller Ltd,,0,Miller Ltd
WHVFSDAC,FR1982017421652792298700623,SD,Davis-Freeman,New Andrew US,0,Davis-Freeman
WHVFSDAC,FR1982017421652792298700623,SD,Davis  Freeman,,0,Davis-Freeman
WHVFSDAC,FR1982017421652792298700623,SD,Davis Freeman,United States,0,Davis-Freeman
WHVFSDAC,FR1982017421652792298700623,SD,Davis.Freeman,,0,Davis-Freeman
WHVFSDAC,FR1982017421652792298700623,SD,Davis Freeman,,0,Davis-Freeman
WHVFSDAC,FR1982017421652792298700623,SD,Davis - Freeman,,0,Davis-Freeman
WHVFSDAC,FR1982017421652792298700623,SD,Davis Freeman,New Andrew,0,Davis-Freeman
WHVFSDAC,FR1982017421652792298700623,SD,Davis Freeman,,0,Davis-Freeman
WHVFSDAC,FR1982017421652792298700623,SD,Davis Freeman,,0,Davis-Freeman
RUDZKIJU,NL34LPKM3587570052,KI,Erickson and Sons,"1612 Jose Falls,Port KimMT  71466",0,Erickson and Sons
RUDZKIJU,NL34LPKM3587570052,KI,Erickson,,0,Erickson and Sons
MPPCHTLS,ES2976423306582685347111,HT,"Velasquez, Wall and Green",,0,"Velasquez, Wall and Green"
MPPCHTLS,ES2976423306582685347111,HT,"Velasquez,/Wall  Ind. Green",East onnor US,0,"Velasquez, Wall and Green"
MPPCHTLS,ES2976423306582685347111,HT,"Velasquez, Wall Ind.-Green",,0,"Velasquez, Wall and Green"
MPPCHTLS,ES2976423306582685347111,HT,"Velasquez, Wall Inds Green",,0,"Velasquez, Wall and Green"
MPPCHTLS,ES2976423306582685347111,HT,"Velasquez, Wall Green",,0,"Velasquez, Wall and Green"
MPPCHTLS,ES2976423306582685347111,HT,"Velasquez, Wall Green",Justin Gardens 596 40730/East Connor United States,0,"Velasquez, Wall and Green"
MPPCHTLS,ES2976423306582685347111,HT,"Velasquez, Wall Inds. Green",,0,"Velasquez, Wall and Green"
MPPCHTLS,ES2976423306582685347111,HT,"Velasquez, Wall,Industries Green",East Connor United States,0,"Velasquez, Wall and Green"
DLUDDJHQ,ES2587141108971725577685,DJ,Costa da Conceição S.A.,,0,Costa da Conceição S.A.
DLUDDJHQ,ES2587141108971725577685,DJ,Costa S.A S.A.,,0,Costa da Conceição S.A.
DLUDDJHQ,ES2587141108971725577685,DJ,Costa S.a S.A.,,0,Costa da Conceição S.A.
BYXRRWDW,NL47MMAV9009557634,RW,TBI,,0,TBI
BYXRRWDW,NL47MMAV9009557634,RW,TBI SAS,,0,TBI
BYXRRWDW,NL47MMAV9009557634,RW,"TBI,S.A.S",,0,TBI
BYXRRWDW,NL47MMAV9009557634,RW,TBI - SAS,"Maudring raneker,Franeker Netherlands",0,TBI
BYXRRWDW,NL47MMAV9009557634,RW,TBI-SAS,Maudring/Franeker Franeker Netherlands,0,TBI
JOCJMZGA,GB93FFRC52154587035700,MZ,Distribuciones Benavides S.L.,Pasadizo de Faustino Quero 992-Girona 16450,0,Distribuciones Benavides S.L.
JOCJMZGA,GB93FFRC52154587035700,MZ,Distribuciones Benavides,16450  Giona,0,Distribuciones Benavides S.L.
ZAEIFMAQ,FR8488438714412447228760831,FM,Ordóñez y asociados S.A.,,1,Ordóñez y asociados S.A.
ZAEIFMAQ,FR8488438714412447228760831,FM,Ordóñez y asociados S.U.,,1,Ordóñez y asociados S.A.
ZAEIFMAQ,FR8488438714412447228760831,FM,Familia Anguita S.C.P,,1,Familia Anguita S.C.P
ZAEIFMAQ,FR8488438714412447228760831,FM,Familia Anguita,,1,Familia Anguita S.C.P
ZAEIFMAQ,FR8488438714412447228760831,FM,Familia Anguita,,1,Familia Anguita S.C.P
ZAEIFMAQ,FR8488438714412447228760831,FM,Julián Ferrández Perez S.A.,,1,Julián Ferrández Perez S.A.
ZAEIFMAQ,FR8488438714412447228760831,FM,Servicios TOE S.A.U,Vial Adán Gomez/29915Palencia  Spai,1,Servicios TOE S.A.U
SMDUBSSI,DE62734422879449041521,BS,"Scott, Baldwin and Kirk",Smithland,1,"Scott, Baldwin and Kirk"
SMDUBSSI,DE62734422879449041521,BS,"Scott, Baldwin Kirk",,1,"Scott, Baldwin and Kirk"
SMDUBSSI,DE62734422879449041521,BS,"Smith, Edwards and Hart",,1,"Smith, Edwards and Hart"
SMDUBSSI,DE62734422879449041521,BS,"Smith, Edwards Ind.",,1,"Smith, Edwards and Hart"
SMDUBSSI,DE62734422879449041521,BS,"Smith, Edwards.Hart",,1,"Smith, Edwards and Hart"
SMDUBSSI,DE62734422879449041521,BS,Austin PLC,,1,Austin PLC
SMDUBSSI,DE62734422879449041521,BS,Austin Pvt. Ltd.,Evans harbor South Leigh United Kingdom,1,Austin PLC
SMDUBSSI,DE62734422879449041521,BS,Austin P.L.C.,Evans harbor/Soth LeighUnited Kingdom,1,Austin PLC
SMDUBSSI,DE62734422879449041521,BS,Austin plc,&&,1,Austin PLC
SMDUBSSI,DE62734422879449041521,BS,Austin-,,1,Austin PLC
PGMNBOBJ,FR4223695135518827059957739,BO,"Morales, Smith and Davenport",,0,"Morales, Smith and Davenport"
PGMNBOBJ,FR4223695135518827059957739,BO,"Morales, Smith Davenport",,0,"Morales, Smith and Davenport"
PGMNBOBJ,FR4223695135518827059957739,BO,"Morales, Smith Davenport",United States,0,"Morales, Smith and Davenport"
PGMNBOBJ,FR4223695135518827059957739,BO,"Morales,- Smith","0554 Stewart Shoals Lake Rickyport,MA 86254",0,"Morales, Smith and Davenport"
PGMNBOBJ,FR4223695135518827059957739,BO,"Morales, Smith  Davenport",,0,"Morales, Smith and Davenport"
PGMNBOBJ,FR4223695135518827059957739,BO,"Morales, Smith Industries Davenport",,0,"Morales, Smith and Davenport"
PGMNBOBJ,FR4223695135518827059957739,BO,"Morales,  Smith",86254  Lake Rickyport,0,"Morales, Smith and Davenport"
PGMNBOBJ,FR4223695135518827059957739,BO,"Morales,  Smith",Lake Rickyort US,0,"Morales, Smith and Davenport"
PGMNBOBJ,FR4223695135518827059957739,BO,"Morales, Smith Davenport",/,0,"Morales, Smith and Davenport"
HKSBKRYX,GB59AXFW73559141432979,KR,Cooke PLC,,1,Cooke PLC
HKSBKRYX,GB59AXFW73559141432979,KR,Cooke,,1,Cooke PLC
HKSBKRYX,GB59AXFW73559141432979,KR,Cooke P.L.C,,1,Cooke PLC
HKSBKRYX,GB59AXFW73559141432979,KR,Chapman-Mitchell,Keithville United Kingdom,1,Chapman-Mitchell
HKSBKRYX,GB59AXFW73559141432979,KR,Chapman Mitchell S.C.,"Flat 9,Dennis key  Keithville,L3S 6PN",1,Chapman-Mitchell
HKSBKRYX,GB59AXFW73559141432979,KR,Chapman Mitchell,-- - -,1,Chapman-Mitchell
HKSBKRYX,GB59AXFW73559141432979,KR,"Gibson, Kirk and Robinson",Turnerstad GB,1,"Gibson, Kirk and Robinson"
HKSBKRYX,GB59AXFW73559141432979,KR,Nicholls Ltd,Lake Kayleighton,1,Nicholls Ltd
KCCTBTMS,IT87Y5134166358555758927458,BT,Carre,,1,Carre
KCCTBTMS,IT87Y5134166358555758927458,BT,Morvan,,1,Morvan
KCCTBTMS,IT87Y5134166358555758927458,BT,Morvan Ltée,,1,Morvan
KCCTBTMS,IT87Y5134166358555758927458,BT,Morvan,Guillet FR,1,Morvan
TRCFESJL,FR1998293680678834212662794,ES,"Haynes, Holden and Thomson",,0,"Haynes, Holden and Thomson"
TRCFESJL,FR1998293680678834212662794,ES,"Haynes, Holden Ind. Thomson",United Kingdom,0,"Haynes, Holden and Thomson"
CKFFNAYL,GB87OOZK19570801182871,NA,Ramos,,0,Ramos
CKFFNAYL,GB87OOZK19570801182871,NA,Ramos,,0,Ramos
CKFFNAYL,GB87OOZK19570801182871,NA,Ramos,,0,Ramos
CKFFNAYL,GB87OOZK19570801182871,NA,Ramos,,0,Ramos
CKFFNAYL,GB87OOZK19570801182871,NA,Ramos,,0,Ramos
CKFFNAYL,GB87OOZK19570801182871,NA,Ramos,,0,Ramos
FTJLYTWH,IT83J9408980200469134304597,YT,Winters & van Rossum,Valthe NL,0,Winters & van Rossum
FTJLYTWH,IT83J9408980200469134304597,YT,Winters & van Rossum,1324RN  althe,0,Winters & van Rossum
FSTKCGBY,GB18NTNP60779956424146,CG,Smith Group,,0,Smith Group
FSTKCGBY,GB18NTNP60779956424146,CG,Smith Grp.,,0,Smith Group
FSTKCGBY,GB18NTNP60779956424146,CG,Smith,,0,Smith Group
FSTKCGBY,GB18NTNP60779956424146,CG,Smith,,0,Smith Group
BEEYNZT2,DE42974003716112689218,NZ,Jones-Woods,,0,Jones-Woods
BEEYNZT2,DE42974003716112689218,NZ,Jones Woods,United Kingdom,0,Jones-Woods
BEEYNZT2,DE42974003716112689218,NZ,Jones  Woods,,0,Jones-Woods
NGGUQAIU,NL70NXQU1990382072,QA,Girschner,,0,Girschner
NGGUQAIU,NL70NXQU1990382072,QA,Girschner S.C.,,0,Girschner
NGGUQAIU,NL70NXQU1990382072,QA,Girschner/S.C.,,0,Girschner
NGGUQAIU,NL70NXQU1990382072,QA,Girschner.S.U.,,0,Girschner
NGGUQAIU,NL70NXQU1990382072,QA,Girschner SA,Cottbus Germany,0,Girschner
NGGUQAIU,NL70NXQU1990382072,QA,Girschner,,0,Girschner
NGGUQAIU,NL70NXQU1990382072,QA,"Girschner,S.c.",,0,Girschner
NGGUQAIU,NL70NXQU1990382072,QA,Girschner -,Gierschnerring-Cottbus Cottbus DE,0,Girschner
ZKFGMCLO,GB81YHTQ50302787736200,MC,Royal Lagerweij,,1,Royal Lagerweij
ZKFGMCLO,GB81YHTQ50302787736200,MC,Boels,,1,Boels
MLWLLUMY,ES9195939346187807072267,LU,"Shaw, Wilson and Stevens",Marshall pines 7-TaylorportUnited Kingdom,1,"Shaw, Wilson and Stevens"
MLWLLUMY,ES9195939346187807072267,LU,Hammond-Ryan,,1,Hammond-Ryan
MLWLLUMY,ES9195939346187807072267,LU,Jordan PLC,,1,Jordan PLC
MLWLLUMY,ES9195939346187807072267,LU,Jordan PLC S.a.p.a. ,Shaw extension  Martinside  United Kingdom,1,Jordan PLC
MLWLLUMY,ES9195939346187807072267,LU,Jordan.,,1,Jordan PLC
MLWLLUMY,ES9195939346187807072267,LU,Jordan PLCC .SpA ,Martinside United Kingdom,1,Jordan PLC
