BIC,AccountNumber,CTRYbnk,Name,Address,IsShared,Holder
PUQKMSYA,GB05XWJX42567714873864,MS,Sölzer Stiftung & Co. KGaA,Hörlestraße Jülich/Jülich DE,0,Sölzer Stiftung & Co. KGaA
PUQKMSYA,GB05XWJX42567714873864,MS,Sölzer.Stiftung & Company KGaA,Jülich DE,0,Sölzer Stiftung & Co. KGaA
PUQKMSYA,GB05XWJX42567714873864,MS,Sölzer Stiftung &. Co,"Hörlestraße ülich,Jülich  DE",0,Sölzer Stiftung & Co. KGaA
PUQKMSYA,GB05XWJX42567714873864,MS,Sölzer Stiftung Co KGaA,,0,Sölzer Stiftung & Co. KGaA
PUQKMSYA,GB05XWJX42567714873864,MS,Sölzer Stiftung & Co KGaA,,0,Sölzer Stiftung & Co. KGaA
PUQKMSYA,GB05XWJX42567714873864,MS,Sölzer Stiftung & Co. KGaA,,0,Sölzer Stiftung & Co. KGaA
PUQKMSYA,GB05XWJX42567714873864,MS,Sölzer Stiftung,,0,Sölzer Stiftung & Co. KGaA
PUQKMSYA,GB05XWJX42567714873864,MS,Sölzer. Stiftung & Co  KGaA,,0,Sölzer Stiftung & Co. KGaA
PUQKMSYA,GB05XWJX42567714873864,MS,Sölzer Stiftung Company KGaA,Jülich,0,Sölzer Stiftung & Co. KGaA
QVLBSYVT,IT67B7457528693548711420162,SY,Familia Monreal S.L.N.E,,0,Familia Monreal S.L.N.E
QVLBSYVT,IT67B7457528693548711420162,SY,Familia Monreal,Guadalajara ES,0,Familia Monreal S.L.N.E
QVLBSYVT,IT67B7457528693548711420162,SY,Familia Monreal S.L.N.E,,0,Familia Monreal S.L.N.E
KCHACYHM,GB96QXNS72757194262892,CY,Keudel,Sagergasse Feuchtwangen-Feuchtwangen Germany,1,Keudel
KCHACYHM,GB96QXNS72757194262892,CY,Keudel Corp,Germany,1,Keudel
KCHACYHM,GB96QXNS72757194262892,CY,Keudel,,1,Keudel
KCHACYHM,GB96QXNS72757194262892,CY,Jessel,Dorina-Ring-Ring  Oschatz Oschatz Germany,1,Jessel
KCHACYHM,GB96QXNS72757194262892,CY,Jessel,Oschatz,1,Jessel
KCHACYHM,GB96QXNS72757194262892,CY,Jessel Group,,1,Jessel
KCHACYHM,GB96QXNS72757194262892,CY,Jessel,Dorina-Ring-Ring OschatzOschatz-DE,1,Jessel
KCHACYHM,GB96QXNS72757194262892,CY,Jessel Group,,1,Jessel
KCHACYHM,GB96QXNS72757194262892,CY,Jessel,,1,Jessel
KCHACYHM,GB96QXNS72757194262892,CY,Jessel Group,"Dorina-Ring-Ring-Oschatz,Oschtz Germany",1,Jessel
KCHACYHM,GB96QXNS72757194262892,CY,Jessel Group,,1,Jessel
UDTUAMFV,GB77BMYT93478160296528,AM,Saunders-Hernandez,Thomasmouth United States,1,Saunders-Hernandez
UDTUAMFV,GB77BMYT93478160296528,AM,Saunders Hernandez,Thmasmouth US,1,Saunders-Hernandez
UDTUAMFV,GB77BMYT93478160296528,AM,Padilla LLC,***,1,Padilla LLC
EHAPTLMI,NL36PMSV6062274893,TL,Torres LLC,,0,Torres LLC
EHAPTLMI,NL36PMSV6062274893,TL,Torres Pvt Ltd S.A.,,0,Torres LLC
EHAPTLMI,NL36PMSV6062274893,TL,Torres  LLC SA,10217  Kellyland,0,Torres LLC
EHAPTLMI,NL36PMSV6062274893,TL,Torres Public Limited Company-S.A.,,0,Torres LLC
EHAPTLMI,NL36PMSV6062274893,TL,Torres LLC SpA,,0,Torres LLC
EHAPTLMI,NL36PMSV6062274893,TL,Torres,,0,Torres LLC
EHAPTLMI,NL36PMSV6062274893,TL,Torres LLC,,0,Torres LLC
EHAPTLMI,NL36PMSV6062274893,TL,Torres LLC,Kellyland United States,0,Torres LLC
VMIWATXE,FR9230644789153836627921104,AT,"Colletti, Pizziol e Cantimori s.r.l.",,1,"Colletti, Pizziol e Cantimori s.r.l."
VMIWATXE,FR9230644789153836627921104,AT,"Colletti, Pizziol Cantimori SRL",,1,"Colletti, Pizziol e Cantimori s.r.l."
VMIWATXE,FR9230644789153836627921104,AT,"Colletti, Pizziol/e Cantimori S.R.L.",97019 Scoglitti,1,"Colletti, Pizziol e Cantimori s.r.l."
VMIWATXE,FR9230644789153836627921104,AT,"Colletti, Pizziol Cantimori S r l",,1,"Colletti, Pizziol e Cantimori s.r.l."
VMIWATXE,FR9230644789153836627921104,AT,"Colletti, Pizziol e SRL",Rotonda Letizia Scoglitti Italia,1,"Colletti, Pizziol e Cantimori s.r.l."
VMIWATXE,FR9230644789153836627921104,AT,"Colletti, Pizziol e Cantimori S r l",,1,"Colletti, Pizziol e Cantimori s.r.l."
VMIWATXE,FR9230644789153836627921104,AT,"Colletti, Pizziol Cantimori SRL",,1,"Colletti, Pizziol e Cantimori s.r.l."
VMIWATXE,FR9230644789153836627921104,AT,"Colletti, Pizziol e Cantimori S.R.L.",,1,"Colletti, Pizziol e Cantimori s.r.l."
VMIWATXE,FR9230644789153836627921104,AT,Monti-Balotelli e figli,,1,Monti-Balotelli e figli
VMIWATXE,FR9230644789153836627921104,AT,Tassoni e figli,,1,Tassoni e figli
CTUGBDPY,GB54ZRYD41527658596876,BD,Duffy LLC,,0,Duffy LLC
CTUGBDPY,GB54ZRYD41527658596876,BD,Duffy,"Autumn Underpass Suite 106 2150 45842 Calderonside,HI US",0,Duffy LLC
CTUGBDPY,GB54ZRYD41527658596876,BD,Duffy Pvt. Ltd,,0,Duffy LLC
CTUGBDPY,GB54ZRYD41527658596876,BD,"Duffy,P.L.C","2150,Autumn Underpass Suite 106  Calderonside  HI  45842",0,Duffy LLC
CTUGBDPY,GB54ZRYD41527658596876,BD,Duffy PLCC,,0,Duffy LLC
CTUGBDPY,GB54ZRYD41527658596876,BD,Duffy,,0,Duffy LLC
CTUGBDPY,GB54ZRYD41527658596876,BD,Duffy,,0,Duffy LLC
CTUGBDPY,GB54ZRYD41527658596876,BD,Duffy P.L.C.,,0,Duffy LLC
PFNGTZVV,GB45GBDT27761772690849,TZ,Pontecorvo-Cuda SPA,,0,Pontecorvo-Cuda SPA
PFNGTZVV,GB45GBDT27761772690849,TZ,Pontecorvo Cuda SPA SpA ,,0,Pontecorvo-Cuda SPA
PFNGTZVV,GB45GBDT27761772690849,TZ,Pontecorvo Cuda,,0,Pontecorvo-Cuda SPA
PFNGTZVV,GB45GBDT27761772690849,TZ,Pontecorvo Cuda SPA SpA ,,0,Pontecorvo-Cuda SPA
PFNGTZVV,GB45GBDT27761772690849,TZ,Pontecorvo .Cuda SPA S.P.A. ,,0,Pontecorvo-Cuda SPA
PFNGTZVV,GB45GBDT27761772690849,TZ,Pontecorvo Cuda SPA S.p.A. ,,0,Pontecorvo-Cuda SPA
PFNGTZVV,GB45GBDT27761772690849,TZ,Pontecorvo Cuda,,0,Pontecorvo-Cuda SPA
PFNGTZVV,GB45GBDT27761772690849,TZ,Pontecorvo Cuda,Lavina IT,0,Pontecorvo-Cuda SPA
CSKIISLP,NL17ZXIN8066843653,IS,Suministros Collado S.L.,,0,Suministros Collado S.L.
CSKIISLP,NL17ZXIN8066843653,IS,Suministros Collado S.U.,,0,Suministros Collado S.L.
CSKIISLP,NL17ZXIN8066843653,IS,Suministros Collado,,0,Suministros Collado S.L.
CSKIISLP,NL17ZXIN8066843653,IS,Suministros Collado S.U.,Pasadizo de Moreno Diaz39158/Albacete Spain,0,Suministros Collado S.L.
CSKIISLP,NL17ZXIN8066843653,IS,Suministros Collado S.U.,,0,Suministros Collado S.L.
KUYFVNWK,IT17Q8863517924073226633746,VN,Farias,,0,Farias
KUYFVNWK,IT17Q8863517924073226633746,VN,Farias,,0,Farias
KUYFVNWK,IT17Q8863517924073226633746,VN,Farias.,,0,Farias
KUYFVNWK,IT17Q8863517924073226633746,VN,Farias,-,0,Farias
KUYFVNWK,IT17Q8863517924073226633746,VN,Farias S.r.L,,0,Farias
KUYFVNWK,IT17Q8863517924073226633746,VN,Farias,,0,Farias
PHBBZMGQ,NL81YDHT1071988691,ZM,Langern,,1,Langern
PHBBZMGQ,NL81YDHT1071988691,ZM,Finke Sager GmbH,,1,Finke Sager GmbH
PHBBZMGQ,NL81YDHT1071988691,ZM,Sorgatz,"Katarina-Caspar-Allee Hainichen Hainichen,Germany",1,Sorgatz
TVJJJPP2,GB80RJOG89805605556607,JP,Hotel Trujillo S.L.N.E,,0,Hotel Trujillo S.L.N.E
TVJJJPP2,GB80RJOG89805605556607,JP,Hotel Trujillo S.L.N.E,"Rambla de Pablo Valenzuela 36 Apt. 39284-Tarragona,Spain",0,Hotel Trujillo S.L.N.E
TVJJJPP2,GB80RJOG89805605556607,JP,Hotel Trujillo  S.L.N.E,"39284,Rambla de Pablo Valenzuela 36 Apt.Tarragona",0,Hotel Trujillo S.L.N.E
TVJJJPP2,GB80RJOG89805605556607,JP,Hotel Trujillo S.L.N.E,39284 Tarragona,0,Hotel Trujillo S.L.N.E
PKEZGBEH,NL20TUGD9183676433,GB,Construcción Ríos S.Com.,"Vial Cándida Vega  47,Cádiz/11529",1,Construcción Ríos S.Com.
PKEZGBEH,NL20TUGD9183676433,GB,Suministros Medina & Asociados S.L.,,1,Suministros Medina & Asociados S.L.
PKEZGBEH,NL20TUGD9183676433,GB,Suministros Medina & Asociados S.c,,1,Suministros Medina & Asociados S.L.
PKEZGBEH,NL20TUGD9183676433,GB,Suministros - Medina. & - Asociados,,1,Suministros Medina & Asociados S.L.
PKEZGBEH,NL20TUGD9183676433,GB,Suministros Medina & Asociados,,1,Suministros Medina & Asociados S.L.
PKEZGBEH,NL20TUGD9183676433,GB,Comercializadora Yuste S.A.,,1,Comercializadora Yuste S.A.
PKEZGBEH,NL20TUGD9183676433,GB,Hnos Aguiló S.A.,,1,Hnos Aguiló S.A.
YLIDAXUG,GB70KAWF95277547411101,AX,Farmaceútica Cuadrado S.L.N.E,,1,Farmaceútica Cuadrado S.L.N.E
YLIDAXUG,GB70KAWF95277547411101,AX,Distribuciones Escrivá S.Com.,,1,Distribuciones Escrivá S.Com.
YLIDAXUG,GB70KAWF95277547411101,AX,Distribuciones Escrivá S.Com.,,1,Distribuciones Escrivá S.Com.
WCOHGWJP,IT29S8074309985094548674219,GW,Fernandez,,1,Fernandez
WCOHGWJP,IT29S8074309985094548674219,GW,Fernandez,,1,Fernandez
WCOHGWJP,IT29S8074309985094548674219,GW,Bertin SA,"avenue de Peltie 4 Sainte Alix,Sainte Alix,France",1,Bertin SA
WCOHGWJP,IT29S8074309985094548674219,GW,Bertin S.c.,"avenue de Peltier 4 Sainte AlixSainte Alix,France",1,Bertin SA
WCOHGWJP,IT29S8074309985094548674219,GW,Bertin,,1,Bertin SA
WCOHGWJP,IT29S8074309985094548674219,GW,Jean Lemoine SARL,boulevard Margaret Voisin 53 Moulinboeuf Moulinboeuf/France,1,Jean Lemoine SARL
WCOHGWJP,IT29S8074309985094548674219,GW,Jean Lemoine S.r.l.,,1,Jean Lemoine SARL
WCOHGWJP,IT29S8074309985094548674219,GW,Besson Masse SARL,,1,Besson Masse SARL
DITTSRJ2,GB14EZZI83046489711773,SR,Michael-Tucker,,1,Michael-Tucker
DITTSRJ2,GB14EZZI83046489711773,SR,Michael Tucker,,1,Michael-Tucker
DITTSRJ2,GB14EZZI83046489711773,SR,Michael  Tucker,Ellen Motorway Apt. 410  1349 75727  Port Thomas (OK) United States,1,Michael-Tucker
DITTSRJ2,GB14EZZI83046489711773,SR,Michael/Tucker,,1,Michael-Tucker
DITTSRJ2,GB14EZZI83046489711773,SR,Michael-Tucker S.U.,,1,Michael-Tucker
DITTSRJ2,GB14EZZI83046489711773,SR,Michael-Tucker,,1,Michael-Tucker
DITTSRJ2,GB14EZZI83046489711773,SR,"Michael  Tucker,",,1,Michael-Tucker
DITTSRJ2,GB14EZZI83046489711773,SR,Michael Tucker Società per Azioni,,1,Michael-Tucker
DITTSRJ2,GB14EZZI83046489711773,SR,"Sparks, Martinez and Rogers",,1,"Sparks, Martinez and Rogers"
DITTSRJ2,GB14EZZI83046489711773,SR,Taylor Ltd,,1,Taylor Ltd
DITTSRJ2,GB14EZZI83046489711773,SR,"Robinson, Zuniga and Stewart","Jacob Track Suite 135  09221 87353 Palmerstad,United States",1,"Robinson, Zuniga and Stewart"
WJKTVCCH,FR3899536435980875398556466,VC,Manne BV,,0,Manne BV
WJKTVCCH,FR3899536435980875398556466,VC,Manne BV .pLC Ltd.,Diepnveen NL,0,Manne BV
WJKTVCCH,FR3899536435980875398556466,VC,Manne BV. Public Ltd,,0,Manne BV
WJKTVCCH,FR3899536435980875398556466,VC,Manne BV Public/Ltée,,0,Manne BV
WJKTVCCH,FR3899536435980875398556466,VC,Manne BV Pvt Ltd Ltd.,Diepenveen NL,0,Manne BV
WJKTVCCH,FR3899536435980875398556466,VC,Manne BV,,0,Manne BV
WJKTVCCH,FR3899536435980875398556466,VC,"Manne,BV Public",,0,Manne BV
WJKTVCCH,FR3899536435980875398556466,VC,Manne.BV Public,Diepenveen/Jadelaan/Diepenveen,0,Manne BV
WJKTVCCH,FR3899536435980875398556466,VC,Manne BV.,,0,Manne BV
WJKTVCCH,FR3899536435980875398556466,VC,Manne BV Public Limited,,0,Manne BV
WJKTVCCH,FR3899536435980875398556466,VC,Manne BV Public Ltée,Diepenveen,0,Manne BV
ANFCCLIX,GB19YOFO03461473287383,CL,van der Laan Groep,7037QD Nigtevecht,1,van der Laan Groep
ANFCCLIX,GB19YOFO03461473287383,CL,van der Laan,,1,van der Laan Groep
ANFCCLIX,GB19YOFO03461473287383,CL,van der Laan,,1,van der Laan Groep
ANFCCLIX,GB19YOFO03461473287383,CL,Inalfa,Cornelissteeg/Suwâld-Suwâld Netherlands,1,Inalfa
SWGJMAFT,IT27Q4136425627904362785253,MA,Merle,68 rue de Bruneau-54356 Rousseau-sur-Grégoire,0,Merle
SWGJMAFT,IT27Q4136425627904362785253,MA,Merle,France,0,Merle
QIFTBLVS,FR3759047390992876126519406,BL,"Edwards, Taylor and Chamberlain",,0,"Edwards, Taylor and Chamberlain"
QIFTBLVS,FR3759047390992876126519406,BL,"Edwards, Taylor Inds. Chamberlain",,0,"Edwards, Taylor and Chamberlain"
QIFTBLVS,FR3759047390992876126519406,BL,"Edwards, Taylor Inds Chamberlain",,0,"Edwards, Taylor and Chamberlain"
QIFTBLVS,FR3759047390992876126519406,BL,"Edwards, Taylor Industries Chamberlain",,0,"Edwards, Taylor and Chamberlain"
QIFTBLVS,FR3759047390992876126519406,BL,"Edwards, Taylor Inds Chamberlain",LL1 4AH  Slatermouth,0,"Edwards, Taylor and Chamberlain"
QIFTBLVS,FR3759047390992876126519406,BL,"Edwards, Taylor",,0,"Edwards, Taylor and Chamberlain"
QIFTBLVS,FR3759047390992876126519406,BL,"Edwards, Taylor Inds",,0,"Edwards, Taylor and Chamberlain"
QIFTBLVS,FR3759047390992876126519406,BL,"Edwards, Taylor",Slatermouth GB,0,"Edwards, Taylor and Chamberlain"
QIFTBLVS,FR3759047390992876126519406,BL,"Edwards, Taylor",,0,"Edwards, Taylor and Chamberlain"
QIFTBLVS,FR3759047390992876126519406,BL,"Edwards, Taylor Inds. Chamberlain",United Kingdom,0,"Edwards, Taylor and Chamberlain"
QIFTBLVS,FR3759047390992876126519406,BL,"Edwards, Taylor Ind. Chamberlain",,0,"Edwards, Taylor and Chamberlain"
GVWEVGVE,GB43MASM58096343772672,VG,Figuerola y asociados S.Com.,,0,Figuerola y asociados S.Com.
GVWEVGVE,GB43MASM58096343772672,VG,Figuerola y asociados/S.Com.,,0,Figuerola y asociados S.Com.
GVWEVGVE,GB43MASM58096343772672,VG,Figuerola y asociados S.Com.,Plaza Soraya Landa 32 Puerta  32585 CastellónES,0,Figuerola y asociados S.Com.
GVWEVGVE,GB43MASM58096343772672,VG,Figuerola y asociados S.Com.,,0,Figuerola y asociados S.Com.
GVWEVGVE,GB43MASM58096343772672,VG,Figuerola y asociados S.Com.,,0,Figuerola y asociados S.Com.
ZTROGDJH,GB29HJSI08824683668712,GD,Davey-Fuller,,0,Davey-Fuller
ZTROGDJH,GB29HJSI08824683668712,GD,Davey Fuller,,0,Davey-Fuller
ZTROGDJH,GB29HJSI08824683668712,GD,Davey Fuller,Cliveborough United Kingdom,0,Davey-Fuller
ZTROGDJH,GB29HJSI08824683668712,GD,Davey Fuller,Cliveborough GB,0,Davey-Fuller
ZTROGDJH,GB29HJSI08824683668712,GD,Davey Fuller Corp,Cliveborough GB,0,Davey-Fuller
KITSIQXO,DE02536776288713024370,IQ,"Johnson, Rivera and Baker",,1,"Johnson, Rivera and Baker"
KITSIQXO,DE02536776288713024370,IQ,"Johnson,- Rivera Baker",Caleb Squares  6592 21383 New Johnstad(OH) United States,1,"Johnson, Rivera and Baker"
KITSIQXO,DE02536776288713024370,IQ,"Johnson, Rivera Baker",,1,"Johnson, Rivera and Baker"
KITSIQXO,DE02536776288713024370,IQ,"Johnson, Rivera.Baker",,1,"Johnson, Rivera and Baker"
KITSIQXO,DE02536776288713024370,IQ,"Johnson, Rivera-",,1,"Johnson, Rivera and Baker"
KITSIQXO,DE02536776288713024370,IQ,"Clark, Coleman and Dean",,1,"Clark, Coleman and Dean"
KITSIQXO,DE02536776288713024370,IQ,"Kidd, Hensley and Hamilton",Lewiston,1,"Kidd, Hensley and Hamilton"
KITSIQXO,DE02536776288713024370,IQ,Francis Group,,1,Francis Group
ZSYHQAKW,ES6792423609758879828463,QA,"Magnani, Jilani e Bignami SPA",,0,"Magnani, Jilani e Bignami SPA"
ZSYHQAKW,ES6792423609758879828463,QA,"Magnani,- Jilani e Bignami",,0,"Magnani, Jilani e Bignami SPA"
PVEQHKUD,IT58U6230968546380723434011,HK,"Curry, Boyd and Todd",,0,"Curry, Boyd and Todd"
PVEQHKUD,IT58U6230968546380723434011,HK,"Curry, Boyd Inds.  Todd",United Staes,0,"Curry, Boyd and Todd"
PVEQHKUD,IT58U6230968546380723434011,HK,"Curry, .Boyd Ind./Todd",6148 91825  Bonnie Club South Micheal,0,"Curry, Boyd and Todd"
PVEQHKUD,IT58U6230968546380723434011,HK,"Curry, Boyd",,0,"Curry, Boyd and Todd"
PVEQHKUD,IT58U6230968546380723434011,HK,"Curry, Boyd Inds Todd",,0,"Curry, Boyd and Todd"
PVEQHKUD,IT58U6230968546380723434011,HK,"Curry, Boyd",,0,"Curry, Boyd and Todd"
PVEQHKUD,IT58U6230968546380723434011,HK,"Curry, Boyd Inds. Todd",South Micheal United States,0,"Curry, Boyd and Todd"
PVEQHKUD,IT58U6230968546380723434011,HK,"Curry, Boyd",,0,"Curry, Boyd and Todd"
PVEQHKUD,IT58U6230968546380723434011,HK,"Curry, Boyd Inds. Todd",91825 South Micheal,0,"Curry, Boyd and Todd"
NCOGSSOP,DE71308093757820212827,SS,Desarrollo Guerra S.A.,,1,Desarrollo Guerra S.A.
NCOGSSOP,DE71308093757820212827,SS,Claudia Rius Salom S.L.N.E,,1,Claudia Rius Salom S.L.N.E
NCOGSSOP,DE71308093757820212827,SS,Claudia Rius Salom S.L.N.E,,1,Claudia Rius Salom S.L.N.E
NCOGSSOP,DE71308093757820212827,SS,Claudia Rius Salom S.L.N.E,,1,Claudia Rius Salom S.L.N.E
NCOGSSOP,DE71308093757820212827,SS,Inmobiliaria OW S.Com.,,1,Inmobiliaria OW S.Com.
PGHNMSJJ,DE77168058825277561269,MS,Rowley PLC,,0,Rowley PLC
PGHNMSJJ,DE77168058825277561269,MS,Rowley PLC S.d.f.,,0,Rowley PLC
PGHNMSJJ,DE77168058825277561269,MS,Rowley pLC SDF,,0,Rowley PLC
OKEEGRY0,DE02268822904638342004,GR,Slagmolen & Feltzer,Linahof Steyl Steyl Netherlands,1,Slagmolen & Feltzer
OKEEGRY0,DE02268822904638342004,GR,Meyer Groep,,1,Meyer Groep
OKEEGRY0,DE02268822904638342004,GR,Meyer.,,1,Meyer Groep
OKEEGRY0,DE02268822904638342004,GR,Pieters NV,,1,Pieters NV
OKEEGRY0,DE02268822904638342004,GR,Pieters NV,,1,Pieters NV
OKEEGRY0,DE02268822904638342004,GR,Pieters NV,.  .  ..,1,Pieters NV
OKEEGRY0,DE02268822904638342004,GR,Pieters NV SA,,1,Pieters NV
OKEEGRY0,DE02268822904638342004,GR,Pieters  NV S.a.s.,3847 DD  Vasse,1,Pieters NV
OKEEGRY0,DE02268822904638342004,GR,Pieters NV SA,"Imkstraat  46  3847 DD,Vasse",1,Pieters NV
OKEEGRY0,DE02268822904638342004,GR,Denkavit International,Bunde  AminapadBunde,1,Denkavit International
YSQBETBL,ES7706676413959759053206,ET,da Mota,,1,da Mota
YSQBETBL,ES7706676413959759053206,ET,Cardoso da Rocha S/A,& &,1,Cardoso da Rocha S/A
YSQBETBL,ES7706676413959759053206,ET,Correia e Filhos,,1,Correia e Filhos
YSQBETBL,ES7706676413959759053206,ET,Pinto,,1,Pinto
MGWJMNMI,GB62SMYN24398015708704,MN,Infraestructuras Santos y asociados S.A.,,0,Infraestructuras Santos y asociados S.A.
MGWJMNMI,GB62SMYN24398015708704,MN,Infraestructuras Santos y asociados SA,,0,Infraestructuras Santos y asociados S.A.
MGWJMNMI,GB62SMYN24398015708704,MN,Infraestructuras Santos  y asociados S.a.s.,.  .  .,0,Infraestructuras Santos y asociados S.A.
MGWJMNMI,GB62SMYN24398015708704,MN,Infraestructuras Santos y asociados S.U.,"06847,Málaga",0,Infraestructuras Santos y asociados S.A.
MGWJMNMI,GB62SMYN24398015708704,MN,Infraestructuras Santos asociados SAS,,0,Infraestructuras Santos y asociados S.A.
MGWJMNMI,GB62SMYN24398015708704,MN,Infraestructuras Santos y asociados S.P.A,Málaga ES,0,Infraestructuras Santos y asociados S.A.
MGWJMNMI,GB62SMYN24398015708704,MN,Infraestructuras Santos y asociados,,0,Infraestructuras Santos y asociados S.A.
MGWJMNMI,GB62SMYN24398015708704,MN,Infraestructuras Santos y asociados,,0,Infraestructuras Santos y asociados S.A.
MGWJMNMI,GB62SMYN24398015708704,MN,Infraestructuras Santos y asociados SA,,0,Infraestructuras Santos y asociados S.A.
OCDLPWI1,GB23ZKUV85398885639677,PW,Holzapfel Jessel KG,,0,Holzapfel Jessel KG
OCDLPWI1,GB23ZKUV85398885639677,PW,Holzapfel Jessel KG,,0,Holzapfel Jessel KG
DFRLBITU,GB25IFAS08797317058004,BI,Peixoto Vieira Ltda.,,0,Peixoto Vieira Ltda.
DFRLBITU,GB25IFAS08797317058004,BI,Peixoto Vieira. LTD,,0,Peixoto Vieira Ltda.
DFRLBITU,GB25IFAS08797317058004,BI,Peixoto  Vieira,Fazenda Melissa Pereira BA Serra Verde BA-Brazil,0,Peixoto Vieira Ltda.
DFRLBITU,GB25IFAS08797317058004,BI,Peixoto Vieira,Serra Verde Brazil,0,Peixoto Vieira Ltda.
DFRLBITU,GB25IFAS08797317058004,BI,Peixoto Vieira,Serra Verde Brazil,0,Peixoto Vieira Ltda.
DFRLBITU,GB25IFAS08797317058004,BI,Peixoto Vieira,,0,Peixoto Vieira Ltda.
LHZAKGJY,GB08JVPT32834970397163,KG,"Asmundo, Mennea e Foa SPA",Igliano Italia,0,"Asmundo, Mennea e Foa SPA"
LHZAKGJY,GB08JVPT32834970397163,KG,"Asmundo, Mennea.e Foa",Igliano IT,0,"Asmundo, Mennea e Foa SPA"
LHZAKGJY,GB08JVPT32834970397163,KG,"Asmundo, Mennea e Foa S.a.","Rotonda Adinolfi/3  Appartamento 5,12060/Igliano CN",0,"Asmundo, Mennea e Foa SPA"
LHZAKGJY,GB08JVPT32834970397163,KG,"Asmundo, - Mennea  e,",,0,"Asmundo, Mennea e Foa SPA"
LHZAKGJY,GB08JVPT32834970397163,KG,"Asmundo,,Mennea Foa","12060,Igliano",0,"Asmundo, Mennea e Foa SPA"
LHZAKGJY,GB08JVPT32834970397163,KG,"Asmundo, Mennea e Foa",Igliano,0,"Asmundo, Mennea e Foa SPA"
LHZAKGJY,GB08JVPT32834970397163,KG,"Asmundo, Mennea e Foa SpA",,0,"Asmundo, Mennea e Foa SPA"
LHZAKGJY,GB08JVPT32834970397163,KG,"Asmundo, Mennea  e Foa",,0,"Asmundo, Mennea e Foa SPA"
QGLCALOM,ES9880448155240535797617,AL,Gremese e figli,"Incrocio Cafarchia  Appartamento 1,Bazzano  BO IT",0,Gremese e figli
QGLCALOM,ES9880448155240535797617,AL,Gremese  e figli,,0,Gremese e figli
SYRFVCG2,GB34VYBN30946950561380,VC,Oliveira,,1,Oliveira
SYRFVCG2,GB34VYBN30946950561380,VC,Cunha e Filhos,Vale da Cunha  AP Vila Ecológica (AP)Brazil,1,Cunha e Filhos
SYRFVCG2,GB34VYBN30946950561380,VC,Cunha e Filhos,,1,Cunha e Filhos
CTQUATLX,FR6366670566689626014203304,AT,Richards Inc,,1,Richards Inc
CTQUATLX,FR6366670566689626014203304,AT,Frost-Tucker,Markfurt,1,Frost-Tucker
CTQUATLX,FR6366670566689626014203304,AT,Frost Tucker,584/Smith ferry  Markfurt,1,Frost-Tucker
CTQUATLX,FR6366670566689626014203304,AT,Frost Tucker,. . ..,1,Frost-Tucker
CTQUATLX,FR6366670566689626014203304,AT,Frost  Tucker,M7 2AU Markfurt,1,Frost-Tucker
CTQUATLX,FR6366670566689626014203304,AT,Frost Tucker,,1,Frost-Tucker
CTQUATLX,FR6366670566689626014203304,AT,Frost - Tucker,,1,Frost-Tucker
CTQUATLX,FR6366670566689626014203304,AT,Frost Tucker,,1,Frost-Tucker
CTQUATLX,FR6366670566689626014203304,AT,Frost Tucker,,1,Frost-Tucker
CTQUATLX,FR6366670566689626014203304,AT,Frost Tucker,,1,Frost-Tucker
QLTJDENJ,DE87504945173227243255,DE,Pinto Ltda.,,1,Pinto Ltda.
QLTJDENJ,DE87504945173227243255,DE,Pinto,Fazenda Maria Vitória Fernandes  PIConjunto agoa PI  Brazil,1,Pinto Ltda.
QLTJDENJ,DE87504945173227243255,DE,Melo Barbosa S/A,Cojunto Novaes  AM União/Brazil,1,Melo Barbosa S/A
QLTJDENJ,DE87504945173227243255,DE,Nunes Barros e Filhos,PR-Favela de Caldeira-Ermelinda,1,Nunes Barros e Filhos
JXFRHNVF,GB63FLAL24212868870860,HN,Pozo y asociados S.Com.,,1,Pozo y asociados S.Com.
JXFRHNVF,GB63FLAL24212868870860,HN,Giner y Menéndez S.L.N.E,,1,Giner y Menéndez S.L.N.E
JXFRHNVF,GB63FLAL24212868870860,HN,Giner y Menéndez,"Acceso de Hilda Tormo 7 Teruel,10237",1,Giner y Menéndez S.L.N.E
JXFRHNVF,GB63FLAL24212868870860,HN,Giner y S.L.N.E,Teruel ES,1,Giner y Menéndez S.L.N.E
JXFRHNVF,GB63FLAL24212868870860,HN,Giner y Menéndez S.L.N.E,Spain,1,Giner y Menéndez S.L.N.E
JXFRHNVF,GB63FLAL24212868870860,HN,Giner y Menéndez S.L.N.E,,1,Giner y Menéndez S.L.N.E
JXFRHNVF,GB63FLAL24212868870860,HN,Giner y Menéndez S.L.N.E,,1,Giner y Menéndez S.L.N.E
JXFRHNVF,GB63FLAL24212868870860,HN,Fábrica QJCN S.L.,,1,Fábrica QJCN S.L.
JXFRHNVF,GB63FLAL24212868870860,HN,Fábrica QJCN,,1,Fábrica QJCN S.L.
JXFRHNVF,GB63FLAL24212868870860,HN,Fábrica QJCN SA,,1,Fábrica QJCN S.L.
FYBSPWMV,IT26X0181437665597289745189,PW,"Sollima, Mazzocchi e Salvini SPA",,1,"Sollima, Mazzocchi e Salvini SPA"
FYBSPWMV,IT26X0181437665597289745189,PW,Saffi-Renzi SPA,,1,Saffi-Renzi SPA
FYBSPWMV,IT26X0181437665597289745189,PW,Gualandi-Zaccardo e figli,Anchiano,1,Gualandi-Zaccardo e figli
FYBSPWMV,IT26X0181437665597289745189,PW,Gualandi Zaccardo e figli,,1,Gualandi-Zaccardo e figli
FYBSPWMV,IT26X0181437665597289745189,PW,Gualandi Zaccardo e- figli,Canale ante-Anchiano  (LU)  IT,1,Gualandi-Zaccardo e figli
FYBSPWMV,IT26X0181437665597289745189,PW,Gualandi Zaccardo e figli,Canale Sante 9  55023 Anchiano/LU,1,Gualandi-Zaccardo e figli
FYBSPWMV,IT26X0181437665597289745189,PW,Gualandi Zaccardo e figli,,1,Gualandi-Zaccardo e figli
FYBSPWMV,IT26X0181437665597289745189,PW,Gualandi Zaccardo e figli,--,1,Gualandi-Zaccardo e figli
FYBSPWMV,IT26X0181437665597289745189,PW,Gualandi Zaccardo e figli,Canale Sante Anchiano/Italia,1,Gualandi-Zaccardo e figli
FYBSPWMV,IT26X0181437665597289745189,PW,Gualandi Zaccardo e figli,AnchianoItalia,1,Gualandi-Zaccardo e figli
RPYEMGIH,IT17G8103748538937577309587,MG,Nielsen Ltd,,0,Nielsen Ltd
RPYEMGIH,IT17G8103748538937577309587,MG,Nielsen Ltée,Lane Viaduct 233 73757/Vasquezton  United States,0,Nielsen Ltd
RPYEMGIH,IT17G8103748538937577309587,MG,Nielsen,,0,Nielsen Ltd
RPYEMGIH,IT17G8103748538937577309587,MG,Nielsen,,0,Nielsen Ltd
RPYEMGIH,IT17G8103748538937577309587,MG,Nielsen Ltd,,0,Nielsen Ltd
RPYEMGIH,IT17G8103748538937577309587,MG,Nielsen,,0,Nielsen Ltd
QVDGAOQL,DE07627294567912325373,AO,Seidel Rosemann Stiftung & Co. KG,,1,Seidel Rosemann Stiftung & Co. KG
QVDGAOQL,DE07627294567912325373,AO,Seidel Rosemann Stiftung & .Co KG,,1,Seidel Rosemann Stiftung & Co. KG
QVDGAOQL,DE07627294567912325373,AO,Seidel Rosemann Stiftung & Co KG,Köhlergasse Kelheim  Kelheim Germany,1,Seidel Rosemann Stiftung & Co. KG
QVDGAOQL,DE07627294567912325373,AO,Seidel Rosemann Stiftung & Co.,99901 Kelheim,1,Seidel Rosemann Stiftung & Co. KG
QVDGAOQL,DE07627294567912325373,AO,"Seidel Rosemann Stiftung &,KG",,1,Seidel Rosemann Stiftung & Co. KG
QVDGAOQL,DE07627294567912325373,AO,Kade,,1,Kade
ACMZPGLN,GB53XNRN52326328331582,PG,Zirme AG,14517  Zschopau,1,Zirme AG
ACMZPGLN,GB53XNRN52326328331582,PG,Langern,,1,Langern
ACMZPGLN,GB53XNRN52326328331582,PG,Langern,Germany,1,Langern
ACMZPGLN,GB53XNRN52326328331582,PG,Langern,Crailsheim,1,Langern
QSVRTJXG,DE98592618075753551097,TJ,Manufacturas Gisbert S.A.,Vial de Fulgencio Amigó 71 Puerta 27609 LugoES,0,Manufacturas Gisbert S.A.
QSVRTJXG,DE98592618075753551097,TJ,Manufacturas Gisbert SAS,,0,Manufacturas Gisbert S.A.
QSVRTJXG,DE98592618075753551097,TJ,Manufacturas Gisbert,Lugo,0,Manufacturas Gisbert S.A.
QSVRTJXG,DE98592618075753551097,TJ,Manufacturas Gisbert SA,,0,Manufacturas Gisbert S.A.
QSVRTJXG,DE98592618075753551097,TJ,"Manufacturas Gisbert,",Lugo Spain,0,Manufacturas Gisbert S.A.
QSVRTJXG,DE98592618075753551097,TJ,Manufacturas Gisbert,,0,Manufacturas Gisbert S.A.
QSVRTJXG,DE98592618075753551097,TJ,Manufacturas Gisbert- S.P.A.,,0,Manufacturas Gisbert S.A.
QSVRTJXG,DE98592618075753551097,TJ,Manufacturas Gisbert,,0,Manufacturas Gisbert S.A.
QSVRTJXG,DE98592618075753551097,TJ,Manufacturas Gisbert,Lugo ES,0,Manufacturas Gisbert S.A.
CMRRSLBX,GB42UMFG41318549352114,SL,Astellas Pharma,Jamijnsteeg Willemsoord  Willemsoord Netherlands,1,Astellas Pharma
CMRRSLBX,GB42UMFG41318549352114,SL,Molen & Verhoeven,,1,Molen & Verhoeven
CMRRSLBX,GB42UMFG41318549352114,SL,Molen & Verhoeven,,1,Molen & Verhoeven
CMRRSLBX,GB42UMFG41318549352114,SL,Hendricks BV,,1,Hendricks BV
CMRRSLBX,GB42UMFG41318549352114,SL,van Baalen NV,"uzepad,Garminge  Garminge  Netherlands",1,van Baalen NV
CMRRSLBX,GB42UMFG41318549352114,SL,van Baalen NV,,1,van Baalen NV
CMRRSLBX,GB42UMFG41318549352114,SL,van Baalen NV,Suzepad  Garminge/Garminge Netherlands,1,van Baalen NV
PMOXSMTK,ES4344912309382871726448,SM,Omron,Kampen-Maartjehofampen,1,Omron
PMOXSMTK,ES4344912309382871726448,SM,Office Depot,Gilze NL,1,Office Depot
PMOXSMTK,ES4344912309382871726448,SM,ProRail,,1,ProRail
PMOXSMTK,ES4344912309382871726448,SM,ProRail,# ##,1,ProRail
PMOXSMTK,ES4344912309382871726448,SM,ProRail SAS,Bjornboulevard-9 2249 HM Randwijk,1,ProRail
HNVJPYXE,GB09NZLJ89816471913589,PY,Zorbach Bauer GmbH & Co. KG,,1,Zorbach Bauer GmbH & Co. KG
HNVJPYXE,GB09NZLJ89816471913589,PY,Zorbach Bauer GmbH & Company KG,,1,Zorbach Bauer GmbH & Co. KG
HNVJPYXE,GB09NZLJ89816471913589,PY,Zorbach Bauer GmbH & - Co. KG,Saulgau DE,1,Zorbach Bauer GmbH & Co. KG
HNVJPYXE,GB09NZLJ89816471913589,PY,Zorbach Bauer GmbH,,1,Zorbach Bauer GmbH & Co. KG
HNVJPYXE,GB09NZLJ89816471913589,PY,Zorbach - Bauer GmbH-& Co KG,,1,Zorbach Bauer GmbH & Co. KG
HNVJPYXE,GB09NZLJ89816471913589,PY,Zorbach/Bauer-GmbH &,,1,Zorbach Bauer GmbH & Co. KG
HNVJPYXE,GB09NZLJ89816471913589,PY,Stumpf AG & Co. KG,,1,Stumpf AG & Co. KG
HNVJPYXE,GB09NZLJ89816471913589,PY,Stumpf AG &,Conradiweg  Peine-Peine-DE,1,Stumpf AG & Co. KG
GGSKMCBY,GB72CRDD16104530552176,MC,Novaes,,1,Novaes
GGSKMCBY,GB72CRDD16104530552176,MC,Novaes,,1,Novaes
GGSKMCBY,GB72CRDD16104530552176,MC,Azevedo Novaes S.A.,Brazil,1,Azevedo Novaes S.A.
GGSKMCBY,GB72CRDD16104530552176,MC,Azevedo Novaes.S.P.A.,,1,Azevedo Novaes S.A.
GGSKMCBY,GB72CRDD16104530552176,MC,Azevedo Novaes,,1,Azevedo Novaes S.A.
GGSKMCBY,GB72CRDD16104530552176,MC,Azevedo Novaes SA,PI Laeira Sophie Nunes Sant Maria,1,Azevedo Novaes S.A.
GGSKMCBY,GB72CRDD16104530552176,MC,Azevedo Novaes S.p.A.,,1,Azevedo Novaes S.A.
GGSKMCBY,GB72CRDD16104530552176,MC,das Neves,São Damião BR,1,das Neves
GGSKMCBY,GB72CRDD16104530552176,MC,S.a.s. Neves LTd.,,1,das Neves
GGSKMCBY,GB72CRDD16104530552176,MC,S.A.S Neves LTd.,,1,das Neves
MWXTBQTT,ES4480924626710687273658,BQ,Philips,,0,Philips
MWXTBQTT,ES4480924626710687273658,BQ,Philips Ind,De Wilp Netherlands,0,Philips
MWXTBQTT,ES4480924626710687273658,BQ,Philips Industries,,0,Philips
MWXTBQTT,ES4480924626710687273658,BQ,Philips,Sarahstraat 86  8354EH De Wilp,0,Philips
MWXTBQTT,ES4480924626710687273658,BQ,Philips Inds,De Wilp,0,Philips
MWXTBQTT,ES4480924626710687273658,BQ,Philips,,0,Philips
MWXTBQTT,ES4480924626710687273658,BQ,Philips Inds,De Wilp NL,0,Philips
MWXTBQTT,ES4480924626710687273658,BQ,Philips,Sarahstraat-De Wlp De Wilp Netherlands,0,Philips
MWXTBQTT,ES4480924626710687273658,BQ,Philips  Inc.,8354EH  De Wilp,0,Philips
MWXTBQTT,ES4480924626710687273658,BQ,Philips Industries,,0,Philips
STRRSTAN,NL49XKWM4762496723,ST,Pugliese-Nadi Group,,0,Pugliese-Nadi Group
STRRSTAN,NL49XKWM4762496723,ST,Pugliese Nadi Group,"Incrocio Gualtieri,Usmate elate(MB),IT",0,Pugliese-Nadi Group
STRRSTAN,NL49XKWM4762496723,ST,Pugliese Nadi Grp. SRL,"Incrocio Gualtieri Usmate Velate  (MB),Ialia",0,Pugliese-Nadi Group
STRRSTAN,NL49XKWM4762496723,ST,Pugliese  Nadi Group-S.R.L.,Usmate Velate Italia,0,Pugliese-Nadi Group
EFFHIRBU,GB59DGNB47427281668534,IR,Minería del Levante S.L.,,0,Minería del Levante S.L.
EFFHIRBU,GB59DGNB47427281668534,IR,Minería del S.U.,,0,Minería del Levante S.L.
EFFHIRBU,GB59DGNB47427281668534,IR,Minería. del Levante S.C,,0,Minería del Levante S.L.
EFFHIRBU,GB59DGNB47427281668534,IR,Minería del Levante - S.U.,,0,Minería del Levante S.L.
EFFHIRBU,GB59DGNB47427281668534,IR,Minería del Levante,,0,Minería del Levante S.L.
EWGNCDH2,FR2640449406551441599690989,CD,Duse s.r.l.,,0,Duse s.r.l.
EWGNCDH2,FR2640449406551441599690989,CD,Duse,,0,Duse s.r.l.
EWGNCDH2,FR2640449406551441599690989,CD,Duse S.r.l.,///,0,Duse s.r.l.
EWGNCDH2,FR2640449406551441599690989,CD,Duse SRL,Contrada Pirandello orrazzo BI IT,0,Duse s.r.l.
EWGNCDH2,FR2640449406551441599690989,CD,Duse SRL,,0,Duse s.r.l.
EWGNCDH2,FR2640449406551441599690989,CD,Duse/S.R.L.,XX,0,Duse s.r.l.
EWGNCDH2,FR2640449406551441599690989,CD,Duse,,0,Duse s.r.l.
EWGNCDH2,FR2640449406551441599690989,CD,Duse  SRL,Contrada Pirandello  7/13884-TorazzoBI,0,Duse s.r.l.
EWGNCDH2,FR2640449406551441599690989,CD,Duse S.r.l.,,0,Duse s.r.l.
EWGNCDH2,FR2640449406551441599690989,CD,Duse,13884  Torrazz,0,Duse s.r.l.
VMNMADBS,NL26ZAFE9777000600,AD,Strong-Hernandez,,1,Strong-Hernandez
VMNMADBS,NL26ZAFE9777000600,AD,"Foster, Scott and Stone",,1,"Foster, Scott and Stone"
VMNMADBS,NL26ZAFE9777000600,AD,"Foster, Scott Ind.",,1,"Foster, Scott and Stone"
FUMQPAT2,NL66EOPB8358026178,PA,Bettin s.r.l.,,1,Bettin s.r.l.
FUMQPAT2,NL66EOPB8358026178,PA,Bettin,,1,Bettin s.r.l.
FUMQPAT2,NL66EOPB8358026178,PA,Bettin,,1,Bettin s.r.l.
FUMQPAT2,NL66EOPB8358026178,PA,Bettin,,1,Bettin s.r.l.
FUMQPAT2,NL66EOPB8358026178,PA,Bettin - SRL - Group,,1,Bettin s.r.l.
FUMQPAT2,NL66EOPB8358026178,PA,Bettin s.r.l.,,1,Bettin s.r.l.
FUMQPAT2,NL66EOPB8358026178,PA,Bettin s.r.l. Gr.,,1,Bettin s.r.l.
FUMQPAT2,NL66EOPB8358026178,PA,Dossi s.r.l.,Castel Di Lama Stazione Italia,1,Dossi s.r.l.
FUMQPAT2,NL66EOPB8358026178,PA,"Gozzi, Tonisto e Traversa Group",,1,"Gozzi, Tonisto e Traversa Group"
FUMQPAT2,NL66EOPB8358026178,PA,Bonaventura-Seddio Group,,1,Bonaventura-Seddio Group
WBJABHVG,DE74235007853620574410,BH,Dalmau y Ocaña S.Coop.,,0,Dalmau y Ocaña S.Coop.
WBJABHVG,DE74235007853620574410,BH,Dalmau y Ocaña S.Coop.,"Glorieta Flor Barceló 415 Piso 24174 Jaén,Spain",0,Dalmau y Ocaña S.Coop.
WBJABHVG,DE74235007853620574410,BH,Dalmau .y Ocaña S.Coop.,,0,Dalmau y Ocaña S.Coop.
WBJABHVG,DE74235007853620574410,BH,Dalmau y Ocaña  S.Coop.,,0,Dalmau y Ocaña S.Coop.
WBJABHVG,DE74235007853620574410,BH,Dalmau y Ocaña S.Coop.,,0,Dalmau y Ocaña S.Coop.
WBJABHVG,DE74235007853620574410,BH,Dalmau- y Ocaña S.Coop.,Glorieta Flor Barceó 415 Piso  8  Jaén  24174,0,Dalmau y Ocaña S.Coop.
NTWEFOGP,NL74RCFU3027528949,FO,da Mata S.A.,Fazenda Augusto Carvalho DF-São Damião/DF Brazil,1,da Mata S.A.
NTWEFOGP,NL74RCFU3027528949,FO,da Rocha S.A.,PR Sítio de Alves  Nova Vist,1,da Rocha S.A.
TEURILEC,IT16O4726410774609511414842,IL,Consultoría Molins S.A.,,1,Consultoría Molins S.A.
TEURILEC,IT16O4726410774609511414842,IL,Consultoría Molins S.P.A.,Cádiz ES,1,Consultoría Molins S.A.
TEURILEC,IT16O4726410774609511414842,IL,Consultoría  Molins,,1,Consultoría Molins S.A.
TEURILEC,IT16O4726410774609511414842,IL,Consultoría Molins .,"C. Francisco Javier Borja,41748-Cádiz/Spain",1,Consultoría Molins S.A.
TEURILEC,IT16O4726410774609511414842,IL,Instalaciones MGT S.L.N.E,Spain,1,Instalaciones MGT S.L.N.E
TEURILEC,IT16O4726410774609511414842,IL,Instalaciones MGT S.L.N.E,,1,Instalaciones MGT S.L.N.E
BPBVKWPO,FR8016453900721961162838283,KW,"Davies, Saunders and Lucas",975 Dale club Sharonmouth,0,"Davies, Saunders and Lucas"
BPBVKWPO,FR8016453900721961162838283,KW,"Davies, Saunders",United Kingdom,0,"Davies, Saunders and Lucas"
BPBVKWPO,FR8016453900721961162838283,KW,"Davies, .Saunders Inds. Lucas","Dale club  975 Sharonmouth,United Kingdom",0,"Davies, Saunders and Lucas"
BPBVKWPO,FR8016453900721961162838283,KW,"Davies, Saunders","Dale club 975,Sharonmouth GB",0,"Davies, Saunders and Lucas"
BPBVKWPO,FR8016453900721961162838283,KW,"Davies, Saunders Inds Lucas",,0,"Davies, Saunders and Lucas"
BPBVKWPO,FR8016453900721961162838283,KW,"Davies, Saunders Lucas",,0,"Davies, Saunders and Lucas"
BPBVKWPO,FR8016453900721961162838283,KW,"Davies, Saunders.Industries Lucas",,0,"Davies, Saunders and Lucas"
BPBVKWPO,FR8016453900721961162838283,KW,"Davies, Saunders",,0,"Davies, Saunders and Lucas"
BPBVKWPO,FR8016453900721961162838283,KW,"Davies, Saunders Inds- Lucas",,0,"Davies, Saunders and Lucas"
AFTRHTCA,ES1187980357188669101033,HT,Novaes,Condomínio de Araújo  TO/Pilar  (TO)/BR,1,Novaes
AFTRHTCA,ES1187980357188669101033,HT,Nogueira - EI,Sagrada Família BR,1,Nogueira - EI
WYNFVCAQ,NL51AVHM1464858053,VC,"Ramos, Griffith and Ellis",Dixon Mountain Suite 260  960679938Port Nicholas NY  US,1,"Ramos, Griffith and Ellis"
WYNFVCAQ,NL51AVHM1464858053,VC,Robinson LLC,,1,Robinson LLC
XNMRCWVP,GB03IENS10602640232129,CW,Clemente & Asociados S.L.N.E,,1,Clemente & Asociados S.L.N.E
XNMRCWVP,GB03IENS10602640232129,CW,Clemente & Asociados/S.L.N.E,,1,Clemente & Asociados S.L.N.E
XNMRCWVP,GB03IENS10602640232129,CW,Fábrica Vizcaíno S.Coop.,,1,Fábrica Vizcaíno S.Coop.
XNMRCWVP,GB03IENS10602640232129,CW,Hnos Chamorro S.Coop.,Spain,1,Hnos Chamorro S.Coop.
XNMRCWVP,GB03IENS10602640232129,CW,Hnos Chamorro S.Coop.,,1,Hnos Chamorro S.Coop.
XNMRCWVP,GB03IENS10602640232129,CW,Requena y asociados S.L.,Pasaje Regina Bertrán  41004  Salamanca  Spain,1,Requena y asociados S.L.
PGJPARXD,FR4714694234740310497019910,AR,van Rossum Groep,Ochten Neherlands,1,van Rossum Groep
PGJPARXD,FR4714694234740310497019910,AR,van  Rossum,Tijshof  Ochten-Ohten/NL,1,van Rossum Groep
PGJPARXD,FR4714694234740310497019910,AR,van Rossum,,1,van Rossum Groep
PGJPARXD,FR4714694234740310497019910,AR,van Rossum,Tijshof  Ochten Ochten NL,1,van Rossum Groep
PGJPARXD,FR4714694234740310497019910,AR,van Rossum,Ochten,1,van Rossum Groep
PGJPARXD,FR4714694234740310497019910,AR,van Rossum Grp.,Ochten NL,1,van Rossum Groep
PGJPARXD,FR4714694234740310497019910,AR,Blees Groep,&,1,Blees Groep
PGJPARXD,FR4714694234740310497019910,AR,"Blees Groep,S.D.F.",Emmeloord Esthersteeg Emmeloord,1,Blees Groep
PGJPARXD,FR4714694234740310497019910,AR,Blees Gr. - S.D.F.,,1,Blees Groep
HMHWKMP1,ES5007161123837559232455,KM,Stichting van Vliet,,1,Stichting van Vliet
HMHWKMP1,ES5007161123837559232455,KM,Stichting van Vliet,,1,Stichting van Vliet
HMHWKMP1,ES5007161123837559232455,KM,Blom & Mahieu,,1,Blom & Mahieu
HMHWKMP1,ES5007161123837559232455,KM,Rek & Spies,,1,Rek & Spies
HMHWKMP1,ES5007161123837559232455,KM,Tielemans & Tammerijn,,1,Tielemans & Tammerijn
GNHCWSMQ,GB45VMNR51438343949313,WS,"Alvarez, Munoz and Hudson",,1,"Alvarez, Munoz and Hudson"
GNHCWSMQ,GB45VMNR51438343949313,WS,Sanchez Ltd,,1,Sanchez Ltd
GNHCWSMQ,GB45VMNR51438343949313,WS,"Smith, Ward and Garcia",,1,"Smith, Ward and Garcia"
GNHCWSMQ,GB45VMNR51438343949313,WS,Graham and Sons,,1,Graham and Sons
RPGCLRUH,GB64ARAW09273519397651,LR,Montenegro y Vidal S.Com.,18962-Cañda de Santos Zapata Granada,1,Montenegro y Vidal S.Com.
RPGCLRUH,GB64ARAW09273519397651,LR,Montenegro y/Vidal S.Com.,,1,Montenegro y Vidal S.Com.
RPGCLRUH,GB64ARAW09273519397651,LR,Millán y Bermudez S.L.,"Pasaje María Pilar Arévalo,43118,Palencia-Spain",1,Millán y Bermudez S.L.
QVQGCRQI,GB12UIRO08461927549981,CR,Ramos,36188 Saint Margot,0,Ramos
QVQGCRQI,GB12UIRO08461927549981,CR,Ramos,rue Joseph De Sousa85 Saint Margot Saint Margot-France,0,Ramos
QVQGCRQI,GB12UIRO08461927549981,CR,Ramos,,0,Ramos
QVQGCRQI,GB12UIRO08461927549981,CR,Ramos Global,,0,Ramos
QVQGCRQI,GB12UIRO08461927549981,CR,Ramos,,0,Ramos
QVQGCRQI,GB12UIRO08461927549981,CR,"Ramos,",Saint Margot FR,0,Ramos
QVQGCRQI,GB12UIRO08461927549981,CR,Ramos Glob.,,0,Ramos
QVQGCRQI,GB12UIRO08461927549981,CR,Ramos Glb,,0,Ramos
QVQGCRQI,GB12UIRO08461927549981,CR,Ramos Glb.,,0,Ramos
EJJLFRY0,GB52GEWX65513821580009,FR,Sager Schmiedecke GmbH & Co. KG,,1,Sager Schmiedecke GmbH & Co. KG
EJJLFRY0,GB52GEWX65513821580009,FR,Ullrich,Hainichen DE,1,Ullrich
EJJLFRY0,GB52GEWX65513821580009,FR,Ullrich,,1,Ullrich
EJJLFRY0,GB52GEWX65513821580009,FR,Jopich,Sulzbach-Rosenberg,1,Jopich
EJJLFRY0,GB52GEWX65513821580009,FR,Jopich,Sulzbach-Rosenberg,1,Jopich
DFWDFOPM,NL52JLGJ5614772053,FO,da Luz,Estrada Caroline Melo  99  Vitoria 12092-745 Melo do Amparo AM,1,da Luz
DFWDFOPM,NL52JLGJ5614772053,FO,Lima,,1,Lima
DFWDFOPM,NL52JLGJ5614772053,FO,Porto Aragão S.A.,,1,Porto Aragão S.A.
DFWDFOPM,NL52JLGJ5614772053,FO,Porto Aragão S.C.,"Pátio MoreiraGO/Vila São João Batista,(GO)Brazil",1,Porto Aragão S.A.
DFWDFOPM,NL52JLGJ5614772053,FO,Duarte Moreira - EI,,1,Duarte Moreira - EI
DBMFPGJH,ES8182803765925201554832,PG,Leleu Baron S.A.S.,,0,Leleu Baron S.A.S.
DBMFPGJH,ES8182803765925201554832,PG,Leleu Baron S.a.s.,Rodriguez,0,Leleu Baron S.A.S.
DBMFPGJH,ES8182803765925201554832,PG,Leleu Baron,France,0,Leleu Baron S.A.S.
DBMFPGJH,ES8182803765925201554832,PG,Leleu Baron,,0,Leleu Baron S.A.S.
DBMFPGJH,ES8182803765925201554832,PG,Leleu Baron,,0,Leleu Baron S.A.S.
DBMFPGJH,ES8182803765925201554832,PG,Leleu Baron,,0,Leleu Baron S.A.S.
DBMFPGJH,ES8182803765925201554832,PG,"Leleu  Baron,S.a.s.","chemi Océane Techer  Rodriguez Rodriguez,FR",0,Leleu Baron S.A.S.
RKYECCMT,ES7085446148629217715876,CC,Dupuis,,1,Dupuis
RKYECCMT,ES7085446148629217715876,CC,Morvan Thibault SARL,avenue Paulette Gaudin 39 Charles Charles FR,1,Morvan Thibault SARL
RKYECCMT,ES7085446148629217715876,CC,Dias SARL,Dias FR,1,Dias SARL
RKYECCMT,ES7085446148629217715876,CC,Barre Martins S.A.,,1,Barre Martins S.A.
RKYECCMT,ES7085446148629217715876,CC,Barre Martins S.P.A,,1,Barre Martins S.A.
RKYECCMT,ES7085446148629217715876,CC,Barre  Martins,rue de Sanchez  GalletGalletFR,1,Barre Martins S.A.
RKYECCMT,ES7085446148629217715876,CC,Barre Martins SA,,1,Barre Martins S.A.
RKYECCMT,ES7085446148629217715876,CC,Barre Martins SA,rue de Sanchez  Gallet Gallet France,1,Barre Martins S.A.
RKYECCMT,ES7085446148629217715876,CC,Barre Martins,,1,Barre Martins S.A.
DUJWBFML,FR5908628885843637487458791,BF,Guilbert S.A.R.L.,,0,Guilbert S.A.R.L.
DUJWBFML,FR5908628885843637487458791,BF,Guilbert,,0,Guilbert S.A.R.L.
DUJWBFML,FR5908628885843637487458791,BF,Guilbert,Lemaire-la-Forêt FR,0,Guilbert S.A.R.L.
DUJWBFML,FR5908628885843637487458791,BF,Guilbert SCARL,,0,Guilbert S.A.R.L.
DUJWBFML,FR5908628885843637487458791,BF,Guilbert SCARL,Lemaire-la-Forêt France,0,Guilbert S.A.R.L.
AJQDMZKH,GB02EUTU65363187180632,MZ,Holmes-Brady,,1,Holmes-Brady
AJQDMZKH,GB02EUTU65363187180632,MZ,Blackburn-Mitchell,031  Rhodes causeway New Josephineberg,1,Blackburn-Mitchell
WIQHERXF,GB43MPDN17461318902791,ER,Nascimento,Independência BR,0,Nascimento
WIQHERXF,GB43MPDN17461318902791,ER,Nascimento S.C.,Independência Brazil,0,Nascimento
WIQHERXF,GB43MPDN17461318902791,ER,Nascimento,,0,Nascimento
WIQHERXF,GB43MPDN17461318902791,ER,Nascimento S.C.,Independência BR,0,Nascimento
WIQHERXF,GB43MPDN17461318902791,ER,Nascimento,,0,Nascimento
WIQHERXF,GB43MPDN17461318902791,ER,Nascimento,,0,Nascimento
WIQHERXF,GB43MPDN17461318902791,ER,Nascimento,Independência,0,Nascimento
WIQHERXF,GB43MPDN17461318902791,ER,Nascimento  Incorporated,Brazi,0,Nascimento
DEAWLYHX,GB84HKTE54704727181435,LY,Hancock-Cruz,,1,Hancock-Cruz
DEAWLYHX,GB84HKTE54704727181435,LY,Vasquez PLC,2906 23673 Christine Plains Simpsonview,1,Vasquez PLC
DEAWLYHX,GB84HKTE54704727181435,LY,Vasquez pLC Cpn.,,1,Vasquez PLC
LNDACIBB,GB13ZZDI74109100871462,CI,Stichting Bartels,Elladreef Bornwird Bornwird Netherlands,1,Stichting Bartels
LNDACIBB,GB13ZZDI74109100871462,CI,Stichting Bartels SNC,Bornwird,1,Stichting Bartels
LNDACIBB,GB13ZZDI74109100871462,CI,Stichting Bartels SNC,"Elladreef Bornwird,Bornwird  Netherlands",1,Stichting Bartels
LNDACIBB,GB13ZZDI74109100871462,CI,"Stichting Bartels,S.N.C.",Elladreef Bornwird/Bornwird-Netherlands,1,Stichting Bartels
LNDACIBB,GB13ZZDI74109100871462,CI,Stichting Bartels SNC,,1,Stichting Bartels
LNDACIBB,GB13ZZDI74109100871462,CI,Stichting Bartels SNC,,1,Stichting Bartels
LNDACIBB,GB13ZZDI74109100871462,CI,Stichting Bartels S.n.c,,1,Stichting Bartels
LNDACIBB,GB13ZZDI74109100871462,CI,In Person,"Roandreef Zuddorpe/Zuiddorpe,Netherlands",1,In Person
LNDACIBB,GB13ZZDI74109100871462,CI,Person-,Roandreef Zuiddorpe  ZuiddorpeNetherlands,1,In Person
LNDACIBB,GB13ZZDI74109100871462,CI,Koninklijke van der Strigt,Idsegahuizum,1,Koninklijke van der Strigt
LNDACIBB,GB13ZZDI74109100871462,CI,Koninklijke van der Strigt,,1,Koninklijke van der Strigt
XQIEALLR,DE28850062196709039784,AL,Adryaens & Nollee,,0,Adryaens & Nollee
XQIEALLR,DE28850062196709039784,AL,Adryaens - &-Nollee,,0,Adryaens & Nollee
XQIEALLR,DE28850062196709039784,AL,Adryaens/& - Nollee,*,0,Adryaens & Nollee
XQIEALLR,DE28850062196709039784,AL,"Adryaens-&,Nollee",,0,Adryaens & Nollee
XQIEALLR,DE28850062196709039784,AL,Adryaens/&. Nollee,,0,Adryaens & Nollee
XQIEALLR,DE28850062196709039784,AL,Adryaens.&. Nollee,,0,Adryaens & Nollee
XQIEALLR,DE28850062196709039784,AL,Adryaens .&,Wellerlooi,0,Adryaens & Nollee
XQIEALLR,DE28850062196709039784,AL,Adryaens.&.Nollee,"Emirring,Wellerlooi Wellerlooi Netherlands",0,Adryaens & Nollee
XQIEALLR,DE28850062196709039784,AL,Adryaens - &- Nollee,,0,Adryaens & Nollee
XQIEALLR,DE28850062196709039784,AL,Adryaens - &.Nollee,"Emirring,WellerlooiWellerlooi/NL",0,Adryaens & Nollee
WYLKTMR0,NL81CDFM7474279461,TM,Hörle Juncken Stiftung & Co. KGaA,,1,Hörle Juncken Stiftung & Co. KGaA
WYLKTMR0,NL81CDFM7474279461,TM,Hörle Juncken Stiftung & Comp. KGaA,Neustadt am Rübenberge Germany,1,Hörle Juncken Stiftung & Co. KGaA
WYLKTMR0,NL81CDFM7474279461,TM,Hörle Juncken Stiftung &,,1,Hörle Juncken Stiftung & Co. KGaA
WYLKTMR0,NL81CDFM7474279461,TM,Hörle.Juncken Stiftung &,,1,Hörle Juncken Stiftung & Co. KGaA
WYLKTMR0,NL81CDFM7474279461,TM,Eberth,"BelzigHoffmannallee,Belzig",1,Eberth
JSGOBAJX,GB27SCKK47269782939479,BA,Sorgatz GmbH,,1,Sorgatz GmbH
JSGOBAJX,GB27SCKK47269782939479,BA,Flantz Butte GmbH & Co. KG,88962Staßfurt,1,Flantz Butte GmbH & Co. KG
JSGOBAJX,GB27SCKK47269782939479,BA,Flantz Butte GmbH & KG,Staßfurt Kadealee Staßfurt,1,Flantz Butte GmbH & Co. KG
JSGOBAJX,GB27SCKK47269782939479,BA,Pärtzelt Trupp KG,,1,Pärtzelt Trupp KG
QOZPFKOT,FR2547216337304736463632699,FK,Ramos Costela S.A.,Gutierrez Brazil,0,Ramos Costela S.A.
QOZPFKOT,FR2547216337304736463632699,FK,Ramos Costela,Gutierrez,0,Ramos Costela S.A.
QOZPFKOT,FR2547216337304736463632699,FK,Ramos Costela SpA,,0,Ramos Costela S.A.
QOZPFKOT,FR2547216337304736463632699,FK,Ramos/Costela,,0,Ramos Costela S.A.
QOZPFKOT,FR2547216337304736463632699,FK,Ramos Costela,,0,Ramos Costela S.A.
QOZPFKOT,FR2547216337304736463632699,FK,Ramos Costela SpA ,"Fazenda de Silva,GO/Gutierrez  Brazil",0,Ramos Costela S.A.
QOZPFKOT,FR2547216337304736463632699,FK,Ramos Costela S.U.,Fazenda de Silva-GO Gutierrez razil,0,Ramos Costela S.A.
QOZPFKOT,FR2547216337304736463632699,FK,Ramos Costela S.a.s.,,0,Ramos Costela S.A.
QOZPFKOT,FR2547216337304736463632699,FK,Ramos Costela  SPA,Gutierrez,0,Ramos Costela S.A.
MMLGUMQI,IT53W4533368338658130514680,UM,Kensy OHG mbH,,0,Kensy OHG mbH
MMLGUMQI,IT53W4533368338658130514680,UM,Kensy OHG mbH,Eisenach,0,Kensy OHG mbH
LBPEVEPK,GB81QAEJ76937884776540,VE,van Mispelen & Heerschop,,1,van Mispelen & Heerschop
LBPEVEPK,GB81QAEJ76937884776540,VE,Wolffel & van der Maes,Winsum,1,Wolffel & van der Maes
XFYPSGUW,GB32ZWMX82575081420810,SG,Pederiva-Luciani Group,,1,Pederiva-Luciani Group
XFYPSGUW,GB32ZWMX82575081420810,SG,"Valentino, Foletti e Pertile Group","Via Barzini  Piano 2,Correzzana (MB)/Italia",1,"Valentino, Foletti e Pertile Group"
XFYPSGUW,GB32ZWMX82575081420810,SG,Golino s.r.l.,,1,Golino s.r.l.
XFYPSGUW,GB32ZWMX82575081420810,SG,Golino S.R.L.,,1,Golino s.r.l.
XFYPSGUW,GB32ZWMX82575081420810,SG,Rapisardi-Parini Group,,1,Rapisardi-Parini Group
XFYPSGUW,GB32ZWMX82575081420810,SG,Rapisardi Parini- Group,Sferracavallo,1,Rapisardi-Parini Group
XFYPSGUW,GB32ZWMX82575081420810,SG,Rapisardi Parini Group,&&&,1,Rapisardi-Parini Group
XFYPSGUW,GB32ZWMX82575081420810,SG,Rapisardi Parini Group,Borgo Germana-63  90148 Sferracavallo-PA,1,Rapisardi-Parini Group
XFYPSGUW,GB32ZWMX82575081420810,SG,Rapisardi. Parini - Group,Borgo Germana Sferracavallo  Italia,1,Rapisardi-Parini Group
XFYPSGUW,GB32ZWMX82575081420810,SG,Rapisardi Parini Group,Borgo Germana 63  90148Sferracavallo/PA,1,Rapisardi-Parini Group
QEIQCGJZ,IT12D9895286073929331179393,CG,Banca Privada Huertas S.A.T.,,0,Banca Privada Huertas S.A.T.
QEIQCGJZ,IT12D9895286073929331179393,CG,Banca Privada Huertas  S.A.S.,,0,Banca Privada Huertas S.A.T.
QEIQCGJZ,IT12D9895286073929331179393,CG,Banca Privada  Huertas,,0,Banca Privada Huertas S.A.T.
QEIQCGJZ,IT12D9895286073929331179393,CG,Banca Privada SAS,,0,Banca Privada Huertas S.A.T.
QEIQCGJZ,IT12D9895286073929331179393,CG,Banca  Privada Huertas,,0,Banca Privada Huertas S.A.T.
QEIQCGJZ,IT12D9895286073929331179393,CG,Banca Privada Huertas,Glorieta de María Pilar Tenorio/14546 TarragonaSpain,0,Banca Privada Huertas S.A.T.
QEIQCGJZ,IT12D9895286073929331179393,CG,Banca Privada,Glorieta de Mría Pilar Tenorio 63-Tarragona 14546,0,Banca Privada Huertas S.A.T.
QEIQCGJZ,IT12D9895286073929331179393,CG,Banca Privada,Glorieta de María Pilar Tenorio 14546 Tarragona  Spain,0,Banca Privada Huertas S.A.T.
QEIQCGJZ,IT12D9895286073929331179393,CG,Banca Privada Huertas,14546 Tarragona,0,Banca Privada Huertas S.A.T.
QEIQCGJZ,IT12D9895286073929331179393,CG,Banca  Privada Huertas,Tarragona,0,Banca Privada Huertas S.A.T.
QEIQCGJZ,IT12D9895286073929331179393,CG,Banca Privada Huertas SAS,,0,Banca Privada Huertas S.A.T.
JISFNLSD,DE98442878667370105156,NL,Koch II OHG mbH,Zirmestr. MiltenbergMiltenberg Grmany,0,Koch II OHG mbH
JISFNLSD,DE98442878667370105156,NL,Koch II OHG mbH,,0,Koch II OHG mbH
JISFNLSD,DE98442878667370105156,NL,Koch II mbH,,0,Koch II OHG mbH
JGTBCZXH,GB53TPEL98624217645892,CZ,Simons & Lips,Netherlands,1,Simons & Lips
JGTBCZXH,GB53TPEL98624217645892,CZ,Vanderlande,,1,Vanderlande
RFSOMNUL,FR4724718931141621992983153,MN,White Ltd,69545/North Jeffrey,0,White Ltd
RFSOMNUL,FR4724718931141621992983153,MN,White Ltd.,"Thomas Villages Apt. 805 8915 69545,North Jeffrey United State",0,White Ltd
RFSOMNUL,FR4724718931141621992983153,MN,White,Thomas Villages Apt. 805 8915 69545 North Jeffrey CA  US,0,White Ltd
RFSOMNUL,FR4724718931141621992983153,MN,White LTD,,0,White Ltd
RFSOMNUL,FR4724718931141621992983153,MN,White Ltée,,0,White Ltd
SIIFAXKI,GB35JUDX12853434187472,AX,"Rodriguez, Chavez and Johnston",Jennifer Fields Apt. 717 45661 68146 Lake Jasonville NM  nited States,1,"Rodriguez, Chavez and Johnston"
SIIFAXKI,GB35JUDX12853434187472,AX,Davis-Lutz,,1,Davis-Lutz
SIIFAXKI,GB35JUDX12853434187472,AX,Cooper-King,,1,Cooper-King
SIIFAXKI,GB35JUDX12853434187472,AX,Cooper King S.C.A.R.L.,North Scott US,1,Cooper-King
WRVWKWNG,DE48474330838209735344,KW,Weber SA,,1,Weber SA
WRVWKWNG,DE48474330838209735344,KW,Petit Roche S.A.,,1,Petit Roche S.A.
WRVWKWNG,DE48474330838209735344,KW,Petit Roche SA,,1,Petit Roche S.A.
WRVWKWNG,DE48474330838209735344,KW,Petit Roche SAS,rue de Dias/39 Collin-les-Bains Collin-les-Bains FR,1,Petit Roche S.A.
WRVWKWNG,DE48474330838209735344,KW,Brun Brunel S.A.,& &,1,Brun Brunel S.A.
TXIIGQL1,DE92288529781797090571,GQ,Comercializadora GIGF S.A.,"Vial de Clímaco Pellicer77 Apt.,06270/Álava Spain",1,Comercializadora GIGF S.A.
TXIIGQL1,DE92288529781797090571,GQ,Farmaceútica TOY S.Coop.,,1,Farmaceútica TOY S.Coop.
TXIIGQL1,DE92288529781797090571,GQ,Jurado y Larrañaga S.L.,,1,Jurado y Larrañaga S.L.
SNQFBTJC,GB26WVLF95101030846679,BT,Holsten,,1,Holsten
SNQFBTJC,GB26WVLF95101030846679,BT,Hänel AG,StrohplatzSoltau Solta Germany,1,Hänel AG
SNQFBTJC,GB26WVLF95101030846679,BT,Hänel- AG,trohplatz Soltau  Soltau/DE,1,Hänel AG
SNQFBTJC,GB26WVLF95101030846679,BT,Hänel  AG,,1,Hänel AG
SNQFBTJC,GB26WVLF95101030846679,BT,Haase Dobes GmbH,,1,Haase Dobes GmbH
SNQFBTJC,GB26WVLF95101030846679,BT,Haase Dobes GmbH,,1,Haase Dobes GmbH
SNQFBTJC,GB26WVLF95101030846679,BT,Werner Ernst KG,,1,Werner Ernst KG
SNQFBTJC,GB26WVLF95101030846679,BT,Werner Ernst KG,Roding,1,Werner Ernst KG
RKMEMGBZ,DE30301561920355027549,MG,Anabel Coello Mínguez S.Coop.,,1,Anabel Coello Mínguez S.Coop.
RKMEMGBZ,DE30301561920355027549,MG,Anabel Coello Mínguez S.Coop.,Badajoz Spai,1,Anabel Coello Mínguez S.Coop.
RKMEMGBZ,DE30301561920355027549,MG,Anabel Coello Mínguez S.Coop.,,1,Anabel Coello Mínguez S.Coop.
RKMEMGBZ,DE30301561920355027549,MG,Anabel Coello Mínguez S.Coop.,,1,Anabel Coello Mínguez S.Coop.
RKMEMGBZ,DE30301561920355027549,MG,Anabel. Coello Mínguez-S.Coop.,Badajoz,1,Anabel Coello Mínguez S.Coop.
RKMEMGBZ,DE30301561920355027549,MG,Anabel Coello. Mínguez S.Coop.,,1,Anabel Coello Mínguez S.Coop.
RKMEMGBZ,DE30301561920355027549,MG,Fábrica Calvo & Asociados S.C.P,,1,Fábrica Calvo & Asociados S.C.P
RKMEMGBZ,DE30301561920355027549,MG,Fábrica Calvo & Asociados -,,1,Fábrica Calvo & Asociados S.C.P
RKMEMGBZ,DE30301561920355027549,MG,Fábrica Calvo & Asociados,Glorieta de Felipa Santos 5 Apt. 05857  Huelva Spain,1,Fábrica Calvo & Asociados S.C.P
FKWBVUAA,GB91YXBD77016022035020,VU,Khan Ltd,Jason summit/20 Smithland/GB,0,Khan Ltd
FKWBVUAA,GB91YXBD77016022035020,VU,Khan Ltd,,0,Khan Ltd
EUEIWFLP,ES1082769650312095188230,WF,Ferrero y Boada S.Coop.,,0,Ferrero y Boada S.Coop.
EUEIWFLP,ES1082769650312095188230,WF,Ferrero y Boada S.Coop.,,0,Ferrero y Boada S.Coop.
FPZEGDOF,FR3460121818794132669307391,GD,Pedersoli-Leonardi Group,,1,Pedersoli-Leonardi Group
FPZEGDOF,FR3460121818794132669307391,GD,Pucci SPA,,1,Pucci SPA
YVLUVNMM,IT18Q8178502879608990246647,VN,Ruiz Cordier SARL,Paul-sur-Dumas,0,Ruiz Cordier SARL
YVLUVNMM,IT18Q8178502879608990246647,VN,Ruiz Cordier S.C.A.R.L.,,0,Ruiz Cordier SARL
YVLUVNMM,IT18Q8178502879608990246647,VN,Ruiz Cordier,,0,Ruiz Cordier SARL
YVLUVNMM,IT18Q8178502879608990246647,VN,Ruiz Cordier S.R.L.,Paul-sur-Dumas,0,Ruiz Cordier SARL
YVLUVNMM,IT18Q8178502879608990246647,VN,Ruiz Cordier S r l,51 Paul-sur-Dumas rue MassonPaul-sur-Dumas,0,Ruiz Cordier SARL
YVLUVNMM,IT18Q8178502879608990246647,VN,Ruiz Cordier S.r.l.,51/rue Masson  29646Paul-sur-Dumas,0,Ruiz Cordier SARL
ZAQZGUWI,NL96JPVO8217301006,GU,Bourdon,rue Paulette GrosDuuy Dupuy FR,1,Bourdon
ZAQZGUWI,NL96JPVO8217301006,GU,Bourdon S.c.,"Dupuy,rue Paulette Gros Dupuy",1,Bourdon
ZAQZGUWI,NL96JPVO8217301006,GU,Bourdon,Dupuy FR,1,Bourdon
ZAQZGUWI,NL96JPVO8217301006,GU,Delaunay,,1,Delaunay
ZAQZGUWI,NL96JPVO8217301006,GU,Rossi,Sainte Anaïs-les-Bains,1,Rossi
ZAQZGUWI,NL96JPVO8217301006,GU,Traore Navarro S.A.,,1,Traore Navarro S.A.
ZAQZGUWI,NL96JPVO8217301006,GU,Traore  Navarro SA,,1,Traore Navarro S.A.
ZAQZGUWI,NL96JPVO8217301006,GU,Traore Navarro S.a.s.,,1,Traore Navarro S.A.
ZAQZGUWI,NL96JPVO8217301006,GU,Traore Navarro SpA,,1,Traore Navarro S.A.
ASCZGYJT,IT83A7842339894527806196677,GY,Rohleder Junitz GmbH & Co. KG,,1,Rohleder Junitz GmbH & Co. KG
ASCZGYJT,IT83A7842339894527806196677,GY,Striebitz Jopich e.V.,Angermünde Germany,1,Striebitz Jopich e.V.
BBESMYOZ,DE55132531130576731635,MY,Rezende Peixoto - ME,,0,Rezende Peixoto - ME
BBESMYOZ,DE55132531130576731635,MY,Rezende Peixoto   ME.SA,,0,Rezende Peixoto - ME
BBESMYOZ,DE55132531130576731635,MY,Rezende Peixoto   ME - SC,Favela Almeida12 Venda Nova 65923-148 Silveira  ES,0,Rezende Peixoto - ME
BBESMYOZ,DE55132531130576731635,MY,Rezende Peixoto   ME S.u.,ES  Favela Almeida  Venda Nova,0,Rezende Peixoto - ME
BBESMYOZ,DE55132531130576731635,MY,Rezende Peixoto   ME,,0,Rezende Peixoto - ME
BBESMYOZ,DE55132531130576731635,MY,Rezende. Peixoto  - ME S.C.,,0,Rezende Peixoto - ME
BBESMYOZ,DE55132531130576731635,MY,Rezende Peixoto   ME S.U.,,0,Rezende Peixoto - ME
BBESMYOZ,DE55132531130576731635,MY,Rezende Peixoto   ME,65923-148 SilveiraVenda Nova,0,Rezende Peixoto - ME
BBESMYOZ,DE55132531130576731635,MY,Rezende Peixoto  /ME,Favela Almeida/12Venda Nova 65923-148 Silveira/ES,0,Rezende Peixoto - ME
BBESMYOZ,DE55132531130576731635,MY,Rezende Peixoto . ME,Venda Nova BR,0,Rezende Peixoto - ME
BBESMYOZ,DE55132531130576731635,MY,Rezende Peixoto   ME,Favela Almeida  ES  Venda Nova  (ES) Brazil,0,Rezende Peixoto - ME
CFHDSDET,GB80LGJW28072251198059,SD,Hesse,Bayreuth,0,Hesse
CFHDSDET,GB80LGJW28072251198059,SD,Hesse S.D.F,,0,Hesse
CFHDSDET,GB80LGJW28072251198059,SD,Hesse-S.D.F,"Reuterring  Bayreuth Bayreuth,DE",0,Hesse
CFHDSDET,GB80LGJW28072251198059,SD,Hesse S.d.f,Germany,0,Hesse
CFHDSDET,GB80LGJW28072251198059,SD,Hesse S.D.F.,# # #,0,Hesse
CFHDSDET,GB80LGJW28072251198059,SD,Hesse,,0,Hesse
CFHDSDET,GB80LGJW28072251198059,SD,Hesse,,0,Hesse
CFHDSDET,GB80LGJW28072251198059,SD,Hesse,,0,Hesse
CFHDSDET,GB80LGJW28072251198059,SD,Hesse S.D.F,"BayreuthReuterring,Byreuth",0,Hesse
CFHDSDET,GB80LGJW28072251198059,SD,Hesse S.d.f,Reuterring  Bayreuth/Bayreuth  Germany,0,Hesse
CFHDSDET,GB80LGJW28072251198059,SD,Hesse S.D.F.,,0,Hesse
TIETAWAY,NL46OZUT5540674820,AW,Guerrero Group,,1,Guerrero Group
TIETAWAY,NL46OZUT5540674820,AW,"Garcia, James and Shah",,1,"Garcia, James and Shah"
TIETAWAY,NL46OZUT5540674820,AW,Taylor-Stone,768/Owens Station Suite 159 Kaitlynmouth  AZ  29414,1,Taylor-Stone
TIETAWAY,NL46OZUT5540674820,AW,Mason-Thomas,-,1,Mason-Thomas
LIJPWSFG,NL07EMIE0532722008,WS,Poulain et Fils,"avenue Charles,87 Vincent Vincent France",1,Poulain et Fils
LIJPWSFG,NL07EMIE0532722008,WS,Lejeune,,1,Lejeune
